Data Set Export - SW.Daily@4C11P,,,,,
"GRADEDESCRIPTIONS-3=GAP, -2=UNUSABLE, 0=UNDEF, 11=POOR, 21=ESTIMATED, 31=GOOD, 41=VERYGOOD, 51=EXCELLENT, APPROVALDESCRIPTIONS 0=UNDEFINED, 1=WORKING, 2=IN REVIEW, 3=APPROVED",,,,,
Timestamp (UTC),Value (Millimetres),Grade Code,Approval Level,Interpolation Type,Comment
10/2/1990 16:00,0,0,0,1,
10/3/1990 16:00,0,0,0,1,
10/4/1990 16:00,0,0,0,1,
10/5/1990 16:00,0,0,0,1,
10/6/1990 16:00,0,0,0,1,
10/7/1990 16:00,0,0,0,1,
10/8/1990 16:00,0,0,0,1,
10/9/1990 16:00,0,0,0,1,
10/10/1990 16:00,0,0,0,1,
10/11/1990 16:00,0,0,0,1,
10/12/1990 16:00,0,0,0,1,
10/13/1990 16:00,0,0,0,1,
10/14/1990 16:00,0,0,0,1,
10/15/1990 16:00,0,0,0,1,
10/16/1990 16:00,0,0,0,1,
10/17/1990 16:00,0,0,0,1,
10/18/1990 16:00,0,0,0,1,
10/19/1990 16:00,,-2,0,1,
10/20/1990 16:00,5,0,0,1,
10/21/1990 16:00,,-2,0,1,
10/22/1990 16:00,9,0,0,1,
10/23/1990 16:00,9,0,0,1,
10/24/1990 16:00,18,0,0,1,
10/25/1990 16:00,12,0,0,1,
10/26/1990 16:00,9,0,0,1,
10/27/1990 16:00,9,0,0,1,
10/28/1990 16:00,9,0,0,1,
10/29/1990 16:00,9,0,0,1,
10/30/1990 16:00,9,0,0,1,
10/31/1990 16:00,21,0,0,1,
11/1/1990 16:00,24,0,0,1,
11/2/1990 16:00,24,0,0,1,
11/3/1990 16:00,27,0,0,1,
11/4/1990 16:00,27,0,0,1,
11/5/1990 16:00,30,0,0,1,
11/6/1990 16:00,30,0,0,1,
11/7/1990 16:00,37,0,0,1,
11/8/1990 16:00,37,0,0,1,
11/9/1990 16:00,40,0,0,1,
11/10/1990 16:00,40,0,0,1,
11/11/1990 16:00,,-2,0,1,
11/12/1990 16:00,55,0,0,1,
11/13/1990 16:00,55,0,0,1,
11/14/1990 16:00,55,0,0,1,
11/15/1990 16:00,55,0,0,1,
11/16/1990 16:00,55,0,0,1,
11/17/1990 16:00,61,0,0,1,
11/18/1990 16:00,76,0,0,1,
11/19/1990 16:00,85,0,0,1,
11/20/1990 16:00,85,0,0,1,
11/21/1990 16:00,88,0,0,1,
11/22/1990 16:00,88,0,0,1,
11/23/1990 16:00,85,0,0,1,
11/24/1990 16:00,88,0,0,1,
11/25/1990 16:00,88,0,0,1,
11/26/1990 16:00,91,0,0,1,
11/27/1990 16:00,94,0,0,1,
11/28/1990 16:00,94,0,0,1,
11/29/1990 16:00,94,0,0,1,
11/30/1990 16:00,94,0,0,1,
12/1/1990 16:00,94,0,0,1,
12/2/1990 16:00,104,0,0,1,
12/3/1990 16:00,113,0,0,1,
12/4/1990 16:00,113,0,0,1,
12/5/1990 16:00,113,0,0,1,
12/6/1990 16:00,119,0,0,1,
12/7/1990 16:00,131,0,0,1,
12/8/1990 16:00,134,0,0,1,
12/9/1990 16:00,134,0,0,1,
12/10/1990 16:00,137,0,0,1,
12/11/1990 16:00,137,0,0,1,
12/12/1990 16:00,143,0,0,1,
12/13/1990 16:00,146,0,0,1,
12/14/1990 16:00,143,0,0,1,
12/15/1990 16:00,143,0,0,1,
12/16/1990 16:00,149,0,0,1,
12/17/1990 16:00,146,0,0,1,
12/18/1990 16:00,149,0,0,1,
12/19/1990 16:00,152,0,0,1,
12/20/1990 16:00,152,0,0,1,
12/21/1990 16:00,158,0,0,1,
12/22/1990 16:00,162,0,0,1,
12/23/1990 16:00,171,0,0,1,
12/24/1990 16:00,189,0,0,1,
12/25/1990 16:00,213,0,0,1,
12/26/1990 16:00,219,0,0,1,
12/27/1990 16:00,226,0,0,1,
12/28/1990 16:00,238,0,0,1,
12/29/1990 16:00,244,0,0,1,
12/30/1990 16:00,238,0,0,1,
12/31/1990 16:00,235,0,0,1,
1/1/1991 16:00,232,0,0,1,
1/2/1991 16:00,235,0,0,1,
1/3/1991 16:00,244,0,0,1,
1/4/1991 16:00,238,0,0,1,
1/5/1991 16:00,241,0,0,1,
1/6/1991 16:00,241,0,0,1,
1/7/1991 16:00,244,0,0,1,
1/8/1991 16:00,247,0,0,1,
1/9/1991 16:00,244,0,0,1,
1/10/1991 16:00,247,0,0,1,
1/11/1991 16:00,253,0,0,1,
1/12/1991 16:00,247,0,0,1,
1/13/1991 16:00,241,0,0,1,
1/14/1991 16:00,238,0,0,1,
1/15/1991 16:00,244,0,0,1,
1/16/1991 16:00,256,0,0,1,
1/17/1991 16:00,247,0,0,1,
1/18/1991 16:00,244,0,0,1,
1/19/1991 16:00,244,0,0,1,
1/20/1991 16:00,256,0,0,1,
1/21/1991 16:00,250,0,0,1,
1/22/1991 16:00,256,0,0,1,
1/23/1991 16:00,253,0,0,1,
1/24/1991 16:00,256,0,0,1,
1/25/1991 16:00,274,0,0,1,
1/26/1991 16:00,274,0,0,1,
1/27/1991 16:00,271,0,0,1,
1/28/1991 16:00,283,0,0,1,
1/29/1991 16:00,290,0,0,1,
1/30/1991 16:00,311,0,0,1,
1/31/1991 16:00,314,0,0,1,
2/1/1991 16:00,308,0,0,1,
2/2/1991 16:00,293,0,0,1,
2/3/1991 16:00,299,0,0,1,
2/4/1991 16:00,299,0,0,1,
2/5/1991 16:00,302,0,0,1,
2/6/1991 16:00,299,0,0,1,
2/7/1991 16:00,293,0,0,1,
2/8/1991 16:00,299,0,0,1,
2/9/1991 16:00,302,0,0,1,
2/10/1991 16:00,305,0,0,1,
2/11/1991 16:00,308,0,0,1,
2/12/1991 16:00,302,0,0,1,
2/13/1991 16:00,308,0,0,1,
2/14/1991 16:00,317,0,0,1,
2/15/1991 16:00,317,0,0,1,
2/16/1991 16:00,314,0,0,1,
2/17/1991 16:00,314,0,0,1,
2/18/1991 16:00,326,0,0,1,
2/19/1991 16:00,320,0,0,1,
2/20/1991 16:00,314,0,0,1,
2/21/1991 16:00,320,0,0,1,
2/22/1991 16:00,314,0,0,1,
2/23/1991 16:00,317,0,0,1,
2/24/1991 16:00,317,0,0,1,
2/25/1991 16:00,323,0,0,1,
2/26/1991 16:00,332,0,0,1,
2/27/1991 16:00,329,0,0,1,
2/28/1991 16:00,332,0,0,1,
3/1/1991 16:00,341,0,0,1,
3/2/1991 16:00,338,0,0,1,
3/3/1991 16:00,341,0,0,1,
3/4/1991 16:00,338,0,0,1,
3/5/1991 16:00,323,0,0,1,
3/6/1991 16:00,329,0,0,1,
3/7/1991 16:00,338,0,0,1,
3/8/1991 16:00,341,0,0,1,
3/9/1991 16:00,335,0,0,1,
3/10/1991 16:00,341,0,0,1,
3/11/1991 16:00,338,0,0,1,
3/12/1991 16:00,338,0,0,1,
3/13/1991 16:00,341,0,0,1,
3/14/1991 16:00,344,0,0,1,
3/15/1991 16:00,341,0,0,1,
3/16/1991 16:00,341,0,0,1,
3/17/1991 16:00,351,0,0,1,
3/18/1991 16:00,354,0,0,1,
3/19/1991 16:00,347,0,0,1,
3/20/1991 16:00,351,0,0,1,
3/21/1991 16:00,347,0,0,1,
3/22/1991 16:00,338,0,0,1,
3/23/1991 16:00,347,0,0,1,
3/24/1991 16:00,354,0,0,1,
3/25/1991 16:00,366,0,0,1,
3/26/1991 16:00,366,0,0,1,
3/27/1991 16:00,363,0,0,1,
3/28/1991 16:00,363,0,0,1,
3/29/1991 16:00,354,0,0,1,
3/30/1991 16:00,360,0,0,1,
3/31/1991 16:00,363,0,0,1,
4/1/1991 16:00,363,0,0,1,
4/2/1991 16:00,369,0,0,1,
4/3/1991 16:00,369,0,0,1,
4/4/1991 16:00,369,0,0,1,
4/5/1991 16:00,366,0,0,1,
4/6/1991 16:00,363,0,0,1,
4/7/1991 16:00,360,0,0,1,
4/8/1991 16:00,369,0,0,1,
4/9/1991 16:00,354,0,0,1,
4/10/1991 16:00,357,0,0,1,
4/11/1991 16:00,366,0,0,1,
4/12/1991 16:00,366,0,0,1,
4/13/1991 16:00,360,0,0,1,
4/14/1991 16:00,360,0,0,1,
4/15/1991 16:00,354,0,0,1,
4/16/1991 16:00,341,0,0,1,
4/17/1991 16:00,329,0,0,1,
4/18/1991 16:00,317,0,0,1,
4/19/1991 16:00,305,0,0,1,
4/20/1991 16:00,293,0,0,1,
4/21/1991 16:00,280,0,0,1,
4/22/1991 16:00,268,0,0,1,
4/23/1991 16:00,256,0,0,1,
4/24/1991 16:00,238,0,0,1,
4/25/1991 16:00,226,0,0,1,
4/26/1991 16:00,213,0,0,1,
4/27/1991 16:00,204,0,0,1,
4/28/1991 16:00,189,0,0,1,
4/29/1991 16:00,177,0,0,1,
4/30/1991 16:00,155,0,0,1,
5/1/1991 16:00,140,0,0,1,
5/2/1991 16:00,119,0,0,1,
5/3/1991 16:00,91,0,0,1,
5/4/1991 16:00,64,0,0,1,
5/5/1991 16:00,46,0,0,1,
5/6/1991 16:00,24,0,0,1,
5/7/1991 16:00,12,0,0,1,
5/8/1991 16:00,6,0,0,1,
5/9/1991 16:00,0,0,0,1,
5/10/1991 16:00,0,0,0,1,
5/11/1991 16:00,0,0,0,1,
5/12/1991 16:00,0,0,0,1,
5/13/1991 16:00,0,0,0,1,
5/14/1991 16:00,0,0,0,1,
5/15/1991 16:00,0,0,0,1,
5/16/1991 16:00,0,0,0,1,
5/17/1991 16:00,0,0,0,1,
5/18/1991 16:00,0,0,0,1,
5/19/1991 16:00,0,0,0,1,
5/20/1991 16:00,0,0,0,1,
5/21/1991 16:00,0,0,0,1,
5/22/1991 16:00,0,0,0,1,
5/23/1991 16:00,0,0,0,1,
5/24/1991 16:00,0,0,0,1,
5/25/1991 16:00,0,0,0,1,
5/26/1991 16:00,0,0,0,1,
5/27/1991 16:00,0,0,0,1,
5/28/1991 16:00,0,0,0,1,
5/29/1991 16:00,0,0,0,1,
5/30/1991 16:00,0,0,0,1,
5/31/1991 16:00,0,0,0,1,
6/1/1991 16:00,0,0,0,1,
6/2/1991 16:00,0,0,0,1,
6/3/1991 16:00,0,0,0,1,
6/4/1991 16:00,0,0,0,1,
6/5/1991 16:00,0,0,0,1,
6/6/1991 16:00,0,0,0,1,
6/7/1991 16:00,0,0,0,1,
6/8/1991 16:00,0,0,0,1,
6/9/1991 16:00,0,0,0,1,
6/10/1991 16:00,0,0,0,1,
6/11/1991 16:00,0,0,0,1,
6/12/1991 16:00,0,0,0,1,
6/13/1991 16:00,0,0,0,1,
6/14/1991 16:00,0,0,0,1,
6/15/1991 16:00,0,0,0,1,
6/16/1991 16:00,0,0,0,1,
6/17/1991 16:00,0,0,0,1,
6/18/1991 16:00,0,0,0,1,
6/19/1991 16:00,0,0,0,1,
6/20/1991 16:00,0,0,0,1,
6/21/1991 16:00,0,0,0,1,
6/22/1991 16:00,0,0,0,1,
6/23/1991 16:00,0,0,0,1,
6/24/1991 16:00,0,0,0,1,
6/25/1991 16:00,0,0,0,1,
6/26/1991 16:00,0,0,0,1,
6/27/1991 16:00,0,0,0,1,
6/28/1991 16:00,0,0,0,1,
6/29/1991 16:00,0,0,0,1,
6/30/1991 16:00,0,0,0,1,
7/1/1991 16:00,0,0,0,1,
7/2/1991 16:00,,-2,0,1,
7/3/1991 16:00,,-2,0,1,
7/4/1991 16:00,,-2,0,1,
7/5/1991 16:00,,-2,0,1,
7/6/1991 16:00,,-2,0,1,
7/7/1991 16:00,,-2,0,1,
7/8/1991 16:00,,-2,0,1,
7/9/1991 16:00,,-2,0,1,
7/10/1991 16:00,,-2,0,1,
7/11/1991 16:00,,-2,0,1,
7/12/1991 16:00,,-2,0,1,
7/13/1991 16:00,,-2,0,1,
7/14/1991 16:00,,-2,0,1,
7/15/1991 16:00,,-2,0,1,
7/16/1991 16:00,,-2,0,1,
7/17/1991 16:00,,-2,0,1,
7/18/1991 16:00,,-2,0,1,
7/19/1991 16:00,,-2,0,1,
7/20/1991 16:00,,-2,0,1,
7/21/1991 16:00,,-2,0,1,
7/22/1991 16:00,,-2,0,1,
7/23/1991 16:00,,-2,0,1,
7/24/1991 16:00,,-2,0,1,
7/25/1991 16:00,,-2,0,1,
7/26/1991 16:00,,-2,0,1,
7/27/1991 16:00,,-2,0,1,
7/28/1991 16:00,,-2,0,1,
7/29/1991 16:00,,-2,0,1,
7/30/1991 16:00,,-2,0,1,
7/31/1991 16:00,,-2,0,1,
8/1/1991 16:00,,-2,0,1,
8/2/1991 16:00,,-2,0,1,
8/3/1991 16:00,,-2,0,1,
8/4/1991 16:00,,-2,0,1,
8/5/1991 16:00,,-2,0,1,
8/6/1991 16:00,,-2,0,1,
8/7/1991 16:00,,-2,0,1,
8/8/1991 16:00,,-2,0,1,
8/9/1991 16:00,,-2,0,1,
8/10/1991 16:00,,-2,0,1,
8/11/1991 16:00,,-2,0,1,
8/12/1991 16:00,,-2,0,1,
8/13/1991 16:00,,-2,0,1,
8/14/1991 16:00,,-2,0,1,
8/15/1991 16:00,,-2,0,1,
8/16/1991 16:00,,-2,0,1,
8/17/1991 16:00,,-2,0,1,
8/18/1991 16:00,,-2,0,1,
8/19/1991 16:00,,-2,0,1,
8/20/1991 16:00,,-2,0,1,
8/21/1991 16:00,,-2,0,1,
8/22/1991 16:00,,-2,0,1,
8/23/1991 16:00,,-2,0,1,
8/24/1991 16:00,,-2,0,1,
8/25/1991 16:00,,-2,0,1,
8/26/1991 16:00,,-2,0,1,
8/27/1991 16:00,,-2,0,1,
8/28/1991 16:00,,-2,0,1,
8/29/1991 16:00,,-2,0,1,
8/30/1991 16:00,,-2,0,1,
8/31/1991 16:00,,-2,0,1,
9/1/1991 16:00,,-2,0,1,
9/2/1991 16:00,,-2,0,1,
9/3/1991 16:00,,-2,0,1,
9/4/1991 16:00,,-2,0,1,
9/5/1991 16:00,,-2,0,1,
9/6/1991 16:00,,-2,0,1,
9/7/1991 16:00,,-2,0,1,
9/8/1991 16:00,,-2,0,1,
9/9/1991 16:00,,-2,0,1,
9/10/1991 16:00,,-2,0,1,
9/11/1991 16:00,,-2,0,1,
9/12/1991 16:00,,-2,0,1,
9/13/1991 16:00,,-2,0,1,
9/14/1991 16:00,,-2,0,1,
9/15/1991 16:00,,-2,0,1,
9/16/1991 16:00,,-2,0,1,
9/17/1991 16:00,,-2,0,1,
9/18/1991 16:00,,-2,0,1,
9/19/1991 16:00,,-2,0,1,
9/20/1991 16:00,,-2,0,1,
9/21/1991 16:00,,-2,0,1,
9/22/1991 16:00,,-2,0,1,
9/23/1991 16:00,,-2,0,1,
9/24/1991 16:00,,-2,0,1,
9/25/1991 16:00,,-2,0,1,
9/26/1991 16:00,,-2,0,1,
9/27/1991 16:00,,-2,0,1,
9/28/1991 16:00,,-2,0,1,
9/29/1991 16:00,,-2,0,1,
9/30/1991 16:00,,-2,0,1,
10/1/1991 16:00,,-2,0,1,
10/2/1991 16:00,,-2,0,1,
10/3/1991 16:00,,-2,0,1,
10/4/1991 16:00,,-2,0,1,
10/5/1991 16:00,,-2,0,1,
10/6/1991 16:00,0,0,0,1,
10/7/1991 16:00,0,0,0,1,
10/8/1991 16:00,0,0,0,1,
10/9/1991 16:00,0,0,0,1,
10/10/1991 16:00,0,0,0,1,
10/11/1991 16:00,0,0,0,1,
10/12/1991 16:00,0,0,0,1,
10/13/1991 16:00,3,0,0,1,
10/14/1991 16:00,0,0,0,1,
10/15/1991 16:00,0,0,0,1,
10/16/1991 16:00,0,0,0,1,
10/17/1991 16:00,0,0,0,1,
10/18/1991 16:00,12,0,0,1,
10/19/1991 16:00,15,0,0,1,
10/20/1991 16:00,12,0,0,1,
10/21/1991 16:00,12,0,0,1,
10/22/1991 16:00,9,0,0,1,
10/23/1991 16:00,15,0,0,1,
10/24/1991 16:00,15,0,0,1,
10/25/1991 16:00,6,0,0,1,
10/26/1991 16:00,6,0,0,1,
10/27/1991 16:00,3,0,0,1,
10/28/1991 16:00,0,0,0,1,
10/29/1991 16:00,6,0,0,1,
10/30/1991 16:00,12,0,0,1,
10/31/1991 16:00,12,0,0,1,
11/1/1991 16:00,12,0,0,1,
11/2/1991 16:00,12,0,0,1,
11/3/1991 16:00,21,0,0,1,
11/4/1991 16:00,27,0,0,1,
11/5/1991 16:00,30,0,0,1,
11/6/1991 16:00,34,0,0,1,
11/7/1991 16:00,43,0,0,1,
11/8/1991 16:00,46,0,0,1,
11/9/1991 16:00,52,0,0,1,
11/10/1991 16:00,58,0,0,1,
11/11/1991 16:00,64,0,0,1,
11/12/1991 16:00,64,0,0,1,
11/13/1991 16:00,67,0,0,1,
11/14/1991 16:00,76,0,0,1,
11/15/1991 16:00,76,0,0,1,
11/16/1991 16:00,82,0,0,1,
11/17/1991 16:00,85,0,0,1,
11/18/1991 16:00,85,0,0,1,
11/19/1991 16:00,85,0,0,1,
11/20/1991 16:00,88,0,0,1,
11/21/1991 16:00,88,0,0,1,
11/22/1991 16:00,98,0,0,1,
11/23/1991 16:00,98,0,0,1,
11/24/1991 16:00,98,0,0,1,
11/25/1991 16:00,98,0,0,1,
11/26/1991 16:00,101,0,0,1,
11/27/1991 16:00,107,0,0,1,
11/28/1991 16:00,113,0,0,1,
11/29/1991 16:00,116,0,0,1,
11/30/1991 16:00,134,0,0,1,
12/1/1991 16:00,137,0,0,1,
12/2/1991 16:00,149,0,0,1,
12/3/1991 16:00,177,0,0,1,
12/4/1991 16:00,183,0,0,1,
12/5/1991 16:00,192,0,0,1,
12/6/1991 16:00,192,0,0,1,
12/7/1991 16:00,192,0,0,1,
12/8/1991 16:00,195,0,0,1,
12/9/1991 16:00,198,0,0,1,
12/10/1991 16:00,198,0,0,1,
12/11/1991 16:00,198,0,0,1,
12/12/1991 16:00,198,0,0,1,
12/13/1991 16:00,201,0,0,1,
12/14/1991 16:00,207,0,0,1,
12/15/1991 16:00,204,0,0,1,
12/16/1991 16:00,207,0,0,1,
12/17/1991 16:00,210,0,0,1,
12/18/1991 16:00,213,0,0,1,
12/19/1991 16:00,219,0,0,1,
12/20/1991 16:00,223,0,0,1,
12/21/1991 16:00,223,0,0,1,
12/22/1991 16:00,219,0,0,1,
12/23/1991 16:00,226,0,0,1,
12/24/1991 16:00,226,0,0,1,
12/25/1991 16:00,229,0,0,1,
12/26/1991 16:00,229,0,0,1,
12/27/1991 16:00,232,0,0,1,
12/28/1991 16:00,232,0,0,1,
12/29/1991 16:00,232,0,0,1,
12/30/1991 16:00,232,0,0,1,
12/31/1991 16:00,235,0,0,1,
1/1/1992 16:00,238,0,0,1,
1/2/1992 16:00,235,0,0,1,
1/3/1992 16:00,238,0,0,1,
1/4/1992 16:00,235,0,0,1,
1/5/1992 16:00,235,0,0,1,
1/6/1992 16:00,232,0,0,1,
1/7/1992 16:00,232,0,0,1,
1/8/1992 16:00,238,0,0,1,
1/9/1992 16:00,250,0,0,1,
1/10/1992 16:00,247,0,0,1,
1/11/1992 16:00,247,0,0,1,
1/12/1992 16:00,253,0,0,1,
1/13/1992 16:00,259,0,0,1,
1/14/1992 16:00,262,0,0,1,
1/15/1992 16:00,259,0,0,1,
1/16/1992 16:00,265,0,0,1,
1/17/1992 16:00,274,0,0,1,
1/18/1992 16:00,277,0,0,1,
1/19/1992 16:00,274,0,0,1,
1/20/1992 16:00,274,0,0,1,
1/21/1992 16:00,271,0,0,1,
1/22/1992 16:00,277,0,0,1,
1/23/1992 16:00,274,0,0,1,
1/24/1992 16:00,280,0,0,1,
1/25/1992 16:00,287,0,0,1,
1/26/1992 16:00,287,0,0,1,
1/27/1992 16:00,287,0,0,1,
1/28/1992 16:00,280,0,0,1,
1/29/1992 16:00,293,0,0,1,
1/30/1992 16:00,293,0,0,1,
1/31/1992 16:00,290,0,0,1,
2/1/1992 16:00,287,0,0,1,
2/2/1992 16:00,287,0,0,1,
2/3/1992 16:00,287,0,0,1,
2/4/1992 16:00,283,0,0,1,
2/5/1992 16:00,283,0,0,1,
2/6/1992 16:00,287,0,0,1,
2/7/1992 16:00,290,0,0,1,
2/8/1992 16:00,287,0,0,1,
2/9/1992 16:00,287,0,0,1,
2/10/1992 16:00,290,0,0,1,
2/11/1992 16:00,293,0,0,1,
2/12/1992 16:00,296,0,0,1,
2/13/1992 16:00,293,0,0,1,
2/14/1992 16:00,293,0,0,1,
2/15/1992 16:00,299,0,0,1,
2/16/1992 16:00,283,0,0,1,
2/17/1992 16:00,283,0,0,1,
2/18/1992 16:00,287,0,0,1,
2/19/1992 16:00,290,0,0,1,
2/20/1992 16:00,299,0,0,1,
2/21/1992 16:00,299,0,0,1,
2/22/1992 16:00,287,0,0,1,
2/23/1992 16:00,293,0,0,1,
2/24/1992 16:00,290,0,0,1,
2/25/1992 16:00,290,0,0,1,
2/26/1992 16:00,293,0,0,1,
2/27/1992 16:00,299,0,0,1,
2/28/1992 16:00,296,0,0,1,
2/29/1992 16:00,293,0,0,1,
3/1/1992 16:00,296,0,0,1,
3/2/1992 16:00,293,0,0,1,
3/3/1992 16:00,299,0,0,1,
3/4/1992 16:00,293,0,0,1,
3/5/1992 16:00,296,0,0,1,
3/6/1992 16:00,287,0,0,1,
3/7/1992 16:00,293,0,0,1,
3/8/1992 16:00,299,0,0,1,
3/9/1992 16:00,293,0,0,1,
3/10/1992 16:00,302,0,0,1,
3/11/1992 16:00,290,0,0,1,
3/12/1992 16:00,299,0,0,1,
3/13/1992 16:00,299,0,0,1,
3/14/1992 16:00,296,0,0,1,
3/15/1992 16:00,299,0,0,1,
3/16/1992 16:00,299,0,0,1,
3/17/1992 16:00,293,0,0,1,
3/18/1992 16:00,293,0,0,1,
3/19/1992 16:00,302,0,0,1,
3/20/1992 16:00,302,0,0,1,
3/21/1992 16:00,302,0,0,1,
3/22/1992 16:00,287,0,0,1,
3/23/1992 16:00,296,0,0,1,
3/24/1992 16:00,308,0,0,1,
3/25/1992 16:00,311,0,0,1,
3/26/1992 16:00,302,0,0,1,
3/27/1992 16:00,295,0,0,1,
3/28/1992 16:00,287,0,0,1,
3/29/1992 16:00,305,0,0,1,
3/30/1992 16:00,296,0,0,1,
3/31/1992 16:00,314,0,0,1,
4/1/1992 16:00,326,0,0,1,
4/2/1992 16:00,332,0,0,1,
4/3/1992 16:00,335,0,0,1,
4/4/1992 16:00,335,0,0,1,
4/5/1992 16:00,335,0,0,1,
4/6/1992 16:00,335,0,0,1,
4/7/1992 16:00,341,0,0,1,
4/8/1992 16:00,347,0,0,1,
4/9/1992 16:00,351,0,0,1,
4/10/1992 16:00,357,0,0,1,
4/11/1992 16:00,369,0,0,1,
4/12/1992 16:00,366,0,0,1,
4/13/1992 16:00,357,0,0,1,
4/14/1992 16:00,351,0,0,1,
4/15/1992 16:00,332,0,0,1,
4/16/1992 16:00,311,0,0,1,
4/17/1992 16:00,293,0,0,1,
4/18/1992 16:00,283,0,0,1,
4/19/1992 16:00,268,0,0,1,
4/20/1992 16:00,271,0,0,1,
4/21/1992 16:00,265,0,0,1,
4/22/1992 16:00,256,0,0,1,
4/23/1992 16:00,250,0,0,1,
4/24/1992 16:00,241,0,0,1,
4/25/1992 16:00,223,0,0,1,
4/26/1992 16:00,210,0,0,1,
4/27/1992 16:00,201,0,0,1,
4/28/1992 16:00,198,0,0,1,
4/29/1992 16:00,189,0,0,1,
4/30/1992 16:00,180,0,0,1,
5/1/1992 16:00,174,0,0,1,
5/2/1992 16:00,171,0,0,1,
5/3/1992 16:00,140,0,0,1,
5/4/1992 16:00,122,0,0,1,
5/5/1992 16:00,110,0,0,1,
5/6/1992 16:00,110,0,0,1,
5/7/1992 16:00,104,0,0,1,
5/8/1992 16:00,94,0,0,1,
5/9/1992 16:00,85,0,0,1,
5/10/1992 16:00,67,0,0,1,
5/11/1992 16:00,58,0,0,1,
5/12/1992 16:00,37,0,0,1,
5/13/1992 16:00,27,0,0,1,
5/14/1992 16:00,18,0,0,1,
5/15/1992 16:00,18,0,0,1,
5/16/1992 16:00,15,0,0,1,
5/17/1992 16:00,12,0,0,1,
5/18/1992 16:00,9,0,0,1,
5/19/1992 16:00,0,0,0,1,
5/20/1992 16:00,0,0,0,1,
5/21/1992 16:00,0,0,0,1,
5/22/1992 16:00,0,0,0,1,
5/23/1992 16:00,0,0,0,1,
5/24/1992 16:00,0,0,0,1,
5/25/1992 16:00,0,0,0,1,
5/26/1992 16:00,0,0,0,1,
5/27/1992 16:00,0,0,0,1,
5/28/1992 16:00,0,0,0,1,
5/29/1992 16:00,0,0,0,1,
5/30/1992 16:00,0,0,0,1,
5/31/1992 16:00,0,0,0,1,
6/1/1992 16:00,0,0,0,1,
6/2/1992 16:00,0,0,0,1,
6/3/1992 16:00,0,0,0,1,
6/4/1992 16:00,0,0,0,1,
6/5/1992 16:00,0,0,0,1,
6/6/1992 16:00,0,0,0,1,
6/7/1992 16:00,0,0,0,1,
6/8/1992 16:00,0,0,0,1,
6/9/1992 16:00,0,0,0,1,
6/10/1992 16:00,0,0,0,1,
6/11/1992 16:00,0,0,0,1,
6/12/1992 16:00,0,0,0,1,
6/13/1992 16:00,0,0,0,1,
6/14/1992 16:00,0,0,0,1,
6/15/1992 16:00,0,0,0,1,
6/16/1992 16:00,0,0,0,1,
6/17/1992 16:00,0,0,0,1,
6/18/1992 16:00,0,0,0,1,
6/19/1992 16:00,0,0,0,1,
6/20/1992 16:00,0,0,0,1,
6/21/1992 16:00,0,0,0,1,
6/22/1992 16:00,0,0,0,1,
6/23/1992 16:00,0,0,0,1,
6/24/1992 16:00,0,0,0,1,
6/25/1992 16:00,0,0,0,1,
6/26/1992 16:00,0,0,0,1,
6/27/1992 16:00,0,0,0,1,
6/28/1992 16:00,0,0,0,1,
6/29/1992 16:00,0,0,0,1,
6/30/1992 16:00,0,0,0,1,
7/1/1992 16:00,0,0,0,1,
7/2/1992 16:00,,-2,0,1,
7/3/1992 16:00,,-2,0,1,
7/4/1992 16:00,,-2,0,1,
7/5/1992 16:00,,-2,0,1,
7/6/1992 16:00,,-2,0,1,
7/7/1992 16:00,,-2,0,1,
7/8/1992 16:00,,-2,0,1,
7/9/1992 16:00,,-2,0,1,
7/10/1992 16:00,,-2,0,1,
7/11/1992 16:00,,-2,0,1,
7/12/1992 16:00,,-2,0,1,
7/13/1992 16:00,,-2,0,1,
7/14/1992 16:00,,-2,0,1,
7/15/1992 16:00,,-2,0,1,
7/16/1992 16:00,,-2,0,1,
7/17/1992 16:00,,-2,0,1,
7/18/1992 16:00,,-2,0,1,
7/19/1992 16:00,,-2,0,1,
7/20/1992 16:00,,-2,0,1,
7/21/1992 16:00,,-2,0,1,
7/22/1992 16:00,,-2,0,1,
7/23/1992 16:00,,-2,0,1,
7/24/1992 16:00,,-2,0,1,
7/25/1992 16:00,,-2,0,1,
7/26/1992 16:00,,-2,0,1,
7/27/1992 16:00,,-2,0,1,
7/28/1992 16:00,,-2,0,1,
7/29/1992 16:00,,-2,0,1,
7/30/1992 16:00,,-2,0,1,
7/31/1992 16:00,,-2,0,1,
8/1/1992 16:00,,-2,0,1,
8/2/1992 16:00,,-2,0,1,
8/3/1992 16:00,,-2,0,1,
8/4/1992 16:00,,-2,0,1,
8/5/1992 16:00,,-2,0,1,
8/6/1992 16:00,,-2,0,1,
8/7/1992 16:00,,-2,0,1,
8/8/1992 16:00,,-2,0,1,
8/9/1992 16:00,,-2,0,1,
8/10/1992 16:00,,-2,0,1,
8/11/1992 16:00,,-2,0,1,
8/12/1992 16:00,,-2,0,1,
8/13/1992 16:00,,-2,0,1,
8/14/1992 16:00,,-2,0,1,
8/15/1992 16:00,,-2,0,1,
8/16/1992 16:00,,-2,0,1,
8/17/1992 16:00,,-2,0,1,
8/18/1992 16:00,,-2,0,1,
8/19/1992 16:00,,-2,0,1,
8/20/1992 16:00,,-2,0,1,
8/21/1992 16:00,,-2,0,1,
8/22/1992 16:00,,-2,0,1,
8/23/1992 16:00,,-2,0,1,
8/24/1992 16:00,,-2,0,1,
8/25/1992 16:00,,-2,0,1,
8/26/1992 16:00,,-2,0,1,
8/27/1992 16:00,,-2,0,1,
8/28/1992 16:00,,-2,0,1,
8/29/1992 16:00,,-2,0,1,
8/30/1992 16:00,,-2,0,1,
8/31/1992 16:00,,-2,0,1,
9/1/1992 16:00,,-2,0,1,
9/2/1992 16:00,,-2,0,1,
9/3/1992 16:00,,-2,0,1,
9/4/1992 16:00,,-2,0,1,
9/5/1992 16:00,,-2,0,1,
9/6/1992 16:00,,-2,0,1,
9/7/1992 16:00,,-2,0,1,
9/8/1992 16:00,,-2,0,1,
9/9/1992 16:00,,-2,0,1,
9/10/1992 16:00,,-2,0,1,
9/11/1992 16:00,,-2,0,1,
9/12/1992 16:00,,-2,0,1,
9/13/1992 16:00,,-2,0,1,
9/14/1992 16:00,,-2,0,1,
9/15/1992 16:00,,-2,0,1,
9/16/1992 16:00,,-2,0,1,
9/17/1992 16:00,,-2,0,1,
9/18/1992 16:00,,-2,0,1,
9/19/1992 16:00,0,0,0,1,
9/20/1992 16:00,0,0,0,1,
9/21/1992 16:00,0,0,0,1,
9/22/1992 16:00,2,0,0,1,
9/23/1992 16:00,3,0,0,1,
9/24/1992 16:00,6,0,0,1,
9/25/1992 16:00,6,0,0,1,
9/26/1992 16:00,3,0,0,1,
9/27/1992 16:00,12,0,0,1,
9/28/1992 16:00,0,0,0,1,
9/29/1992 16:00,0,0,0,1,
9/30/1992 16:00,0,0,0,1,
10/1/1992 16:00,0,0,0,1,
10/2/1992 16:00,0,0,0,1,
10/3/1992 16:00,0,0,0,1,
10/4/1992 16:00,0,0,0,1,
10/5/1992 16:00,0,0,0,1,
10/6/1992 16:00,0,0,0,1,
10/7/1992 16:00,0,0,0,1,
10/8/1992 16:00,0,0,0,1,
10/9/1992 16:00,0,0,0,1,
10/10/1992 16:00,0,0,0,1,
10/11/1992 16:00,0,0,0,1,
10/12/1992 16:00,0,0,0,1,
10/13/1992 16:00,0,0,0,1,
10/14/1992 16:00,0,0,0,1,
10/15/1992 16:00,0,0,0,1,
10/16/1992 16:00,0,0,0,1,
10/17/1992 16:00,0,0,0,1,
10/18/1992 16:00,15,0,0,1,
10/19/1992 16:00,18,0,0,1,
10/20/1992 16:00,24,0,0,1,
10/21/1992 16:00,21,0,0,1,
10/22/1992 16:00,21,0,0,1,
10/23/1992 16:00,25,0,0,1,
10/24/1992 16:00,25,0,0,1,
10/25/1992 16:00,25,0,0,1,
10/26/1992 16:00,19,0,0,1,
10/27/1992 16:00,22,0,0,1,
10/28/1992 16:00,25,0,0,1,
10/29/1992 16:00,25,0,0,1,
10/30/1992 16:00,25,0,0,1,
10/31/1992 16:00,26,0,0,1,
11/1/1992 16:00,26,0,0,1,
11/2/1992 16:00,26,0,0,1,
11/3/1992 16:00,26,0,0,1,
11/4/1992 16:00,32,0,0,1,
11/5/1992 16:00,32,0,0,1,
11/6/1992 16:00,36,0,0,1,
11/7/1992 16:00,32,0,0,1,
11/8/1992 16:00,32,0,0,1,
11/9/1992 16:00,33,0,0,1,
11/10/1992 16:00,33,0,0,1,
11/11/1992 16:00,33,0,0,1,
11/12/1992 16:00,40,0,0,1,
11/13/1992 16:00,58,0,0,1,
11/14/1992 16:00,61,0,0,1,
11/15/1992 16:00,58,0,0,1,
11/16/1992 16:00,58,0,0,1,
11/17/1992 16:00,58,0,0,1,
11/18/1992 16:00,59,0,0,1,
11/19/1992 16:00,59,0,0,1,
11/20/1992 16:00,59,0,0,1,
11/21/1992 16:00,59,0,0,1,
11/22/1992 16:00,56,0,0,1,
11/23/1992 16:00,59,0,0,1,
11/24/1992 16:00,59,0,0,1,
11/25/1992 16:00,59,0,0,1,
11/26/1992 16:00,63,0,0,1,
11/27/1992 16:00,63,0,0,1,
11/28/1992 16:00,66,0,0,1,
11/29/1992 16:00,66,0,0,1,
11/30/1992 16:00,63,0,0,1,
12/1/1992 16:00,63,0,0,1,
12/2/1992 16:00,66,0,0,1,
12/3/1992 16:00,69,0,0,1,
12/4/1992 16:00,66,0,0,1,
12/5/1992 16:00,70,0,0,1,
12/6/1992 16:00,73,0,0,1,
12/7/1992 16:00,73,0,0,1,
12/8/1992 16:00,70,0,0,1,
12/9/1992 16:00,67,0,0,1,
12/10/1992 16:00,67,0,0,1,
12/11/1992 16:00,67,0,0,1,
12/12/1992 16:00,76,0,0,1,
12/13/1992 16:00,83,0,0,1,
12/14/1992 16:00,95,0,0,1,
12/15/1992 16:00,98,0,0,1,
12/16/1992 16:00,92,0,0,1,
12/17/1992 16:00,98,0,0,1,
12/18/1992 16:00,101,0,0,1,
12/19/1992 16:00,101,0,0,1,
12/20/1992 16:00,98,0,0,1,
12/21/1992 16:00,95,0,0,1,
12/22/1992 16:00,106,0,0,1,
12/23/1992 16:00,109,0,0,1,
12/24/1992 16:00,127,0,0,1,
12/25/1992 16:00,130,0,0,1,
12/26/1992 16:00,124,0,0,1,
12/27/1992 16:00,127,0,0,1,
12/28/1992 16:00,130,0,0,1,
12/29/1992 16:00,124,0,0,1,
12/30/1992 16:00,127,0,0,1,
12/31/1992 16:00,128,0,0,1,
1/1/1993 16:00,128,0,0,1,
1/2/1993 16:00,128,0,0,1,
1/3/1993 16:00,122,0,0,1,
1/4/1993 16:00,128,0,0,1,
1/5/1993 16:00,128,0,0,1,
1/6/1993 16:00,134,0,0,1,
1/7/1993 16:00,131,0,0,1,
1/8/1993 16:00,135,0,0,1,
1/9/1993 16:00,138,0,0,1,
1/10/1993 16:00,132,0,0,1,
1/11/1993 16:00,135,0,0,1,
1/12/1993 16:00,135,0,0,1,
1/13/1993 16:00,138,0,0,1,
1/14/1993 16:00,138,0,0,1,
1/15/1993 16:00,138,0,0,1,
1/16/1993 16:00,141,0,0,1,
1/17/1993 16:00,145,0,0,1,
1/18/1993 16:00,151,0,0,1,
1/19/1993 16:00,151,0,0,1,
1/20/1993 16:00,148,0,0,1,
1/21/1993 16:00,145,0,0,1,
1/22/1993 16:00,145,0,0,1,
1/23/1993 16:00,154,0,0,1,
1/24/1993 16:00,154,0,0,1,
1/25/1993 16:00,158,0,0,1,
1/26/1993 16:00,155,0,0,1,
1/27/1993 16:00,158,0,0,1,
1/28/1993 16:00,164,0,0,1,
1/29/1993 16:00,164,0,0,1,
1/30/1993 16:00,170,0,0,1,
1/31/1993 16:00,170,0,0,1,
2/1/1993 16:00,170,0,0,1,
2/2/1993 16:00,195,0,0,1,
2/3/1993 16:00,202,0,0,1,
2/4/1993 16:00,208,0,0,1,
2/5/1993 16:00,208,0,0,1,
2/6/1993 16:00,208,0,0,1,
2/7/1993 16:00,202,0,0,1,
2/8/1993 16:00,202,0,0,1,
2/9/1993 16:00,205,0,0,1,
2/10/1993 16:00,205,0,0,1,
2/11/1993 16:00,208,0,0,1,
2/12/1993 16:00,206,0,0,1,
2/13/1993 16:00,200,0,0,1,
2/14/1993 16:00,203,0,0,1,
2/15/1993 16:00,209,0,0,1,
2/16/1993 16:00,212,0,0,1,
2/17/1993 16:00,212,0,0,1,
2/18/1993 16:00,218,0,0,1,
2/19/1993 16:00,221,0,0,1,
2/20/1993 16:00,222,0,0,1,
2/21/1993 16:00,210,0,0,1,
2/22/1993 16:00,216,0,0,1,
2/23/1993 16:00,222,0,0,1,
2/24/1993 16:00,222,0,0,1,
2/25/1993 16:00,225,0,0,1,
2/26/1993 16:00,231,0,0,1,
2/27/1993 16:00,228,0,0,1,
2/28/1993 16:00,228,0,0,1,
3/1/1993 16:00,217,0,0,1,
3/2/1993 16:00,223,0,0,1,
3/3/1993 16:00,229,0,0,1,
3/4/1993 16:00,223,0,0,1,
3/5/1993 16:00,220,0,0,1,
3/6/1993 16:00,220,0,0,1,
3/7/1993 16:00,220,0,0,1,
3/8/1993 16:00,217,0,0,1,
3/9/1993 16:00,214,0,0,1,
3/10/1993 16:00,212,0,0,1,
3/11/1993 16:00,224,0,0,1,
3/12/1993 16:00,230,0,0,1,
3/13/1993 16:00,236,0,0,1,
3/14/1993 16:00,221,0,0,1,
3/15/1993 16:00,221,0,0,1,
3/16/1993 16:00,236,0,0,1,
3/17/1993 16:00,230,0,0,1,
3/18/1993 16:00,222,0,0,1,
3/19/1993 16:00,234,0,0,1,
3/20/1993 16:00,244,0,0,1,
3/21/1993 16:00,244,0,0,1,
3/22/1993 16:00,234,0,0,1,
3/23/1993 16:00,222,0,0,1,
3/24/1993 16:00,222,0,0,1,
3/25/1993 16:00,225,0,0,1,
3/26/1993 16:00,225,0,0,1,
3/27/1993 16:00,235,0,0,1,
3/28/1993 16:00,238,0,0,1,
3/29/1993 16:00,232,0,0,1,
3/30/1993 16:00,232,0,0,1,
3/31/1993 16:00,238,0,0,1,
4/1/1993 16:00,241,0,0,1,
4/2/1993 16:00,245,0,0,1,
4/3/1993 16:00,248,0,0,1,
4/4/1993 16:00,246,0,0,1,
4/5/1993 16:00,249,0,0,1,
4/6/1993 16:00,252,0,0,1,
4/7/1993 16:00,249,0,0,1,
4/8/1993 16:00,246,0,0,1,
4/9/1993 16:00,246,0,0,1,
4/10/1993 16:00,239,0,0,1,
4/11/1993 16:00,233,0,0,1,
4/12/1993 16:00,233,0,0,1,
4/13/1993 16:00,231,0,0,1,
4/14/1993 16:00,228,0,0,1,
4/15/1993 16:00,216,0,0,1,
4/16/1993 16:00,204,0,0,1,
4/17/1993 16:00,198,0,0,1,
4/18/1993 16:00,189,0,0,1,
4/19/1993 16:00,179,0,0,1,
4/20/1993 16:00,161,0,0,1,
4/21/1993 16:00,152,0,0,1,
4/22/1993 16:00,144,0,0,1,
4/23/1993 16:00,138,0,0,1,
4/24/1993 16:00,138,0,0,1,
4/25/1993 16:00,123,0,0,1,
4/26/1993 16:00,104,0,0,1,
4/27/1993 16:00,83,0,0,1,
4/28/1993 16:00,68,0,0,1,
4/29/1993 16:00,49,0,0,1,
4/30/1993 16:00,32,0,0,1,
5/1/1993 16:00,23,0,0,1,
5/2/1993 16:00,9,0,0,1,
5/3/1993 16:00,0,0,0,1,
5/4/1993 16:00,0,0,0,1,
5/5/1993 16:00,0,0,0,1,
5/6/1993 16:00,0,0,0,1,
5/7/1993 16:00,0,0,0,1,
5/8/1993 16:00,0,0,0,1,
5/9/1993 16:00,0,0,0,1,
5/10/1993 16:00,0,0,0,1,
5/11/1993 16:00,0,0,0,1,
5/12/1993 16:00,0,0,0,1,
5/13/1993 16:00,0,0,0,1,
5/14/1993 16:00,0,0,0,1,
5/15/1993 16:00,0,0,0,1,
5/16/1993 16:00,0,0,0,1,
5/17/1993 16:00,0,0,0,1,
5/18/1993 16:00,0,0,0,1,
5/19/1993 16:00,0,0,0,1,
5/20/1993 16:00,0,0,0,1,
5/21/1993 16:00,0,0,0,1,
5/22/1993 16:00,0,0,0,1,
5/23/1993 16:00,0,0,0,1,
5/24/1993 16:00,0,0,0,1,
5/25/1993 16:00,0,0,0,1,
5/26/1993 16:00,0,0,0,1,
5/27/1993 16:00,0,0,0,1,
5/28/1993 16:00,0,0,0,1,
5/29/1993 16:00,0,0,0,1,
5/30/1993 16:00,0,0,0,1,
5/31/1993 16:00,0,0,0,1,
6/1/1993 16:00,0,0,0,1,
6/2/1993 16:00,0,0,0,1,
6/3/1993 16:00,0,0,0,1,
6/4/1993 16:00,0,0,0,1,
6/5/1993 16:00,0,0,0,1,
6/6/1993 16:00,0,0,0,1,
6/7/1993 16:00,0,0,0,1,
6/8/1993 16:00,0,0,0,1,
6/9/1993 16:00,0,0,0,1,
6/10/1993 16:00,0,0,0,1,
6/11/1993 16:00,0,0,0,1,
6/12/1993 16:00,0,0,0,1,
6/13/1993 16:00,0,0,0,1,
6/14/1993 16:00,0,0,0,1,
6/15/1993 16:00,0,0,0,1,
6/16/1993 16:00,0,0,0,1,
6/17/1993 16:00,0,0,0,1,
6/18/1993 16:00,0,0,0,1,
6/19/1993 16:00,0,0,0,1,
6/20/1993 16:00,0,0,0,1,
6/21/1993 16:00,0,0,0,1,
6/22/1993 16:00,0,0,0,1,
6/23/1993 16:00,0,0,0,1,
6/24/1993 16:00,0,0,0,1,
6/25/1993 16:00,0,0,0,1,
6/26/1993 16:00,0,0,0,1,
6/27/1993 16:00,0,0,0,1,
6/28/1993 16:00,0,0,0,1,
6/29/1993 16:00,0,0,0,1,
6/30/1993 16:00,0,0,0,1,
7/1/1993 16:00,0,0,0,1,
7/2/1993 16:00,0,0,0,1,
7/3/1993 16:00,0,0,0,1,
7/4/1993 16:00,0,0,0,1,
7/5/1993 16:00,0,0,0,1,
7/6/1993 16:00,0,0,0,1,
7/7/1993 16:00,,-2,0,1,
7/8/1993 16:00,,-2,0,1,
7/9/1993 16:00,,-2,0,1,
7/10/1993 16:00,,-2,0,1,
7/11/1993 16:00,,-2,0,1,
7/12/1993 16:00,,-2,0,1,
7/13/1993 16:00,,-2,0,1,
7/14/1993 16:00,,-2,0,1,
7/15/1993 16:00,,-2,0,1,
7/16/1993 16:00,,-2,0,1,
7/17/1993 16:00,,-2,0,1,
7/18/1993 16:00,,-2,0,1,
7/19/1993 16:00,,-2,0,1,
7/20/1993 16:00,,-2,0,1,
7/21/1993 16:00,,-2,0,1,
7/22/1993 16:00,,-2,0,1,
7/23/1993 16:00,,-2,0,1,
7/24/1993 16:00,,-2,0,1,
7/25/1993 16:00,,-2,0,1,
7/26/1993 16:00,,-2,0,1,
7/27/1993 16:00,,-2,0,1,
7/28/1993 16:00,,-2,0,1,
7/29/1993 16:00,,-2,0,1,
7/30/1993 16:00,,-2,0,1,
7/31/1993 16:00,,-2,0,1,
8/1/1993 16:00,,-2,0,1,
8/2/1993 16:00,,-2,0,1,
8/3/1993 16:00,,-2,0,1,
8/4/1993 16:00,,-2,0,1,
8/5/1993 16:00,,-2,0,1,
8/6/1993 16:00,,-2,0,1,
8/7/1993 16:00,,-2,0,1,
8/8/1993 16:00,,-2,0,1,
8/9/1993 16:00,,-2,0,1,
8/10/1993 16:00,,-2,0,1,
8/11/1993 16:00,,-2,0,1,
8/12/1993 16:00,,-2,0,1,
8/13/1993 16:00,,-2,0,1,
8/14/1993 16:00,,-2,0,1,
8/15/1993 16:00,,-2,0,1,
8/16/1993 16:00,,-2,0,1,
8/17/1993 16:00,,-2,0,1,
8/18/1993 16:00,,-2,0,1,
8/19/1993 16:00,,-2,0,1,
8/20/1993 16:00,,-2,0,1,
8/21/1993 16:00,,-2,0,1,
8/22/1993 16:00,,-2,0,1,
8/23/1993 16:00,,-2,0,1,
8/24/1993 16:00,,-2,0,1,
8/25/1993 16:00,,-2,0,1,
8/26/1993 16:00,,-2,0,1,
8/27/1993 16:00,,-2,0,1,
8/28/1993 16:00,,-2,0,1,
8/29/1993 16:00,,-2,0,1,
8/30/1993 16:00,,-2,0,1,
8/31/1993 16:00,,-2,0,1,
9/1/1993 16:00,,-2,0,1,
9/2/1993 16:00,,-2,0,1,
9/3/1993 16:00,,-2,0,1,
9/4/1993 16:00,,-2,0,1,
9/5/1993 16:00,,-2,0,1,
9/6/1993 16:00,,-2,0,1,
9/7/1993 16:00,,-2,0,1,
9/8/1993 16:00,,-2,0,1,
9/9/1993 16:00,,-2,0,1,
9/10/1993 16:00,,-2,0,1,
9/11/1993 16:00,,-2,0,1,
9/12/1993 16:00,,-2,0,1,
9/13/1993 16:00,,-2,0,1,
9/14/1993 16:00,,-2,0,1,
9/15/1993 16:00,,-2,0,1,
9/16/1993 16:00,,-2,0,1,
9/17/1993 16:00,,-2,0,1,
9/18/1993 16:00,,-2,0,1,
9/19/1993 16:00,,-2,0,1,
9/20/1993 16:00,,-2,0,1,
9/21/1993 16:00,,-2,0,1,
9/22/1993 16:00,,-2,0,1,
9/23/1993 16:00,,-2,0,1,
9/24/1993 16:00,,-2,0,1,
9/25/1993 16:00,0,0,0,1,
9/26/1993 16:00,0,0,0,1,
9/27/1993 16:00,0,0,0,1,
9/28/1993 16:00,0,0,0,1,
9/29/1993 16:00,0,0,0,1,
9/30/1993 16:00,0,0,0,1,
10/1/1993 16:00,0,0,0,1,
10/2/1993 16:00,0,0,0,1,
10/3/1993 16:00,0,0,0,1,
10/4/1993 16:00,0,0,0,1,
10/5/1993 16:00,0,0,0,1,
10/6/1993 16:00,0,0,0,1,
10/7/1993 16:00,0,0,0,1,
10/8/1993 16:00,0,0,0,1,
10/9/1993 16:00,0,0,0,1,
10/10/1993 16:00,0,0,0,1,
10/11/1993 16:00,0,0,0,1,
10/12/1993 16:00,0,0,0,1,
10/13/1993 16:00,0,0,0,1,
10/14/1993 16:00,0,0,0,1,
10/15/1993 16:00,0,0,0,1,
10/16/1993 16:00,0,0,0,1,
10/17/1993 16:00,0,0,0,1,
10/18/1993 16:00,0,0,0,1,
10/19/1993 16:00,0,0,0,1,
10/20/1993 16:00,0,0,0,1,
10/21/1993 16:00,0,0,0,1,
10/22/1993 16:00,0,0,0,1,
10/23/1993 16:00,0,0,0,1,
10/24/1993 16:00,0,0,0,1,
10/25/1993 16:00,0,0,0,1,
10/26/1993 16:00,0,0,0,1,
10/27/1993 16:00,0,0,0,1,
10/28/1993 16:00,0,0,0,1,
10/29/1993 16:00,0,0,0,1,
10/30/1993 16:00,0,0,0,1,
10/31/1993 16:00,0,0,0,1,
11/1/1993 16:00,0,0,0,1,
11/2/1993 16:00,9,0,0,1,
11/3/1993 16:00,6,0,0,1,
11/4/1993 16:00,6,0,0,1,
11/5/1993 16:00,12,0,0,1,
11/6/1993 16:00,18,0,0,1,
11/7/1993 16:00,18,0,0,1,
11/8/1993 16:00,21,0,0,1,
11/9/1993 16:00,21,0,0,1,
11/10/1993 16:00,37,0,0,1,
11/11/1993 16:00,37,0,0,1,
11/12/1993 16:00,40,0,0,1,
11/13/1993 16:00,55,0,0,1,
11/14/1993 16:00,58,0,0,1,
11/15/1993 16:00,61,0,0,1,
11/16/1993 16:00,61,0,0,1,
11/17/1993 16:00,67,0,0,1,
11/18/1993 16:00,91,0,0,1,
11/19/1993 16:00,98,0,0,1,
11/20/1993 16:00,98,0,0,1,
11/21/1993 16:00,98,0,0,1,
11/22/1993 16:00,94,0,0,1,
11/23/1993 16:00,94,0,0,1,
11/24/1993 16:00,94,0,0,1,
11/25/1993 16:00,98,0,0,1,
11/26/1993 16:00,104,0,0,1,
11/27/1993 16:00,107,0,0,1,
11/28/1993 16:00,110,0,0,1,
11/29/1993 16:00,110,0,0,1,
11/30/1993 16:00,110,0,0,1,
12/1/1993 16:00,110,0,0,1,
12/2/1993 16:00,113,0,0,1,
12/3/1993 16:00,113,0,0,1,
12/4/1993 16:00,110,0,0,1,
12/5/1993 16:00,113,0,0,1,
12/6/1993 16:00,113,0,0,1,
12/7/1993 16:00,113,0,0,1,
12/8/1993 16:00,110,0,0,1,
12/9/1993 16:00,113,0,0,1,
12/10/1993 16:00,110,0,0,1,
12/11/1993 16:00,110,0,0,1,
12/12/1993 16:00,113,0,0,1,
12/13/1993 16:00,110,0,0,1,
12/14/1993 16:00,110,0,0,1,
12/15/1993 16:00,113,0,0,1,
12/16/1993 16:00,116,0,0,1,
12/17/1993 16:00,113,0,0,1,
12/18/1993 16:00,122,0,0,1,
12/19/1993 16:00,122,0,0,1,
12/20/1993 16:00,128,0,0,1,
12/21/1993 16:00,125,0,0,1,
12/22/1993 16:00,131,0,0,1,
12/23/1993 16:00,131,0,0,1,
12/24/1993 16:00,137,0,0,1,
12/25/1993 16:00,137,0,0,1,
12/26/1993 16:00,137,0,0,1,
12/27/1993 16:00,137,0,0,1,
12/28/1993 16:00,137,0,0,1,
12/29/1993 16:00,140,0,0,1,
12/30/1993 16:00,143,0,0,1,
12/31/1993 16:00,146,0,0,1,
1/1/1994 16:00,146,0,0,1,
1/2/1994 16:00,149,0,0,1,
1/3/1994 16:00,152,0,0,1,
1/4/1994 16:00,152,0,0,1,
1/5/1994 16:00,158,0,0,1,
1/6/1994 16:00,165,0,0,1,
1/7/1994 16:00,171,0,0,1,
1/8/1994 16:00,174,0,0,1,
1/9/1994 16:00,174,0,0,1,
1/10/1994 16:00,174,0,0,1,
1/11/1994 16:00,180,0,0,1,
1/12/1994 16:00,180,0,0,1,
1/13/1994 16:00,189,0,0,1,
1/14/1994 16:00,201,0,0,1,
1/15/1994 16:00,204,0,0,1,
1/16/1994 16:00,210,0,0,1,
1/17/1994 16:00,226,0,0,1,
1/18/1994 16:00,226,0,0,1,
1/19/1994 16:00,226,0,0,1,
1/20/1994 16:00,232,0,0,1,
1/21/1994 16:00,235,0,0,1,
1/22/1994 16:00,238,0,0,1,
1/23/1994 16:00,238,0,0,1,
1/24/1994 16:00,235,0,0,1,
1/25/1994 16:00,232,0,0,1,
1/26/1994 16:00,232,0,0,1,
1/27/1994 16:00,232,0,0,1,
1/28/1994 16:00,229,0,0,1,
1/29/1994 16:00,232,0,0,1,
1/30/1994 16:00,232,0,0,1,
1/31/1994 16:00,235,0,0,1,
2/1/1994 16:00,238,0,0,1,
2/2/1994 16:00,238,0,0,1,
2/3/1994 16:00,241,0,0,1,
2/4/1994 16:00,241,0,0,1,
2/5/1994 16:00,235,0,0,1,
2/6/1994 16:00,244,0,0,1,
2/7/1994 16:00,247,0,0,1,
2/8/1994 16:00,244,0,0,1,
2/9/1994 16:00,241,0,0,1,
2/10/1994 16:00,250,0,0,1,
2/11/1994 16:00,253,0,0,1,
2/12/1994 16:00,256,0,0,1,
2/13/1994 16:00,259,0,0,1,
2/14/1994 16:00,262,0,0,1,
2/15/1994 16:00,256,0,0,1,
2/16/1994 16:00,268,0,0,1,
2/17/1994 16:00,265,0,0,1,
2/18/1994 16:00,262,0,0,1,
2/19/1994 16:00,259,0,0,1,
2/20/1994 16:00,259,0,0,1,
2/21/1994 16:00,262,0,0,1,
2/22/1994 16:00,262,0,0,1,
2/23/1994 16:00,265,0,0,1,
2/24/1994 16:00,268,0,0,1,
2/25/1994 16:00,271,0,0,1,
2/26/1994 16:00,280,0,0,1,
2/27/1994 16:00,290,0,0,1,
2/28/1994 16:00,293,0,0,1,
3/1/1994 16:00,290,0,0,1,
3/2/1994 16:00,287,0,0,1,
3/3/1994 16:00,293,0,0,1,
3/4/1994 16:00,290,0,0,1,
3/5/1994 16:00,287,0,0,1,
3/6/1994 16:00,293,0,0,1,
3/7/1994 16:00,296,0,0,1,
3/8/1994 16:00,302,0,0,1,
3/9/1994 16:00,302,0,0,1,
3/10/1994 16:00,299,0,0,1,
3/11/1994 16:00,311,0,0,1,
3/12/1994 16:00,311,0,0,1,
3/13/1994 16:00,308,0,0,1,
3/14/1994 16:00,317,0,0,1,
3/15/1994 16:00,320,0,0,1,
3/16/1994 16:00,320,0,0,1,
3/17/1994 16:00,314,0,0,1,
3/18/1994 16:00,311,0,0,1,
3/19/1994 16:00,314,0,0,1,
3/20/1994 16:00,308,0,0,1,
3/21/1994 16:00,305,0,0,1,
3/22/1994 16:00,302,0,0,1,
3/23/1994 16:00,302,0,0,1,
3/24/1994 16:00,299,0,0,1,
3/25/1994 16:00,299,0,0,1,
3/26/1994 16:00,305,0,0,1,
3/27/1994 16:00,305,0,0,1,
3/28/1994 16:00,308,0,0,1,
3/29/1994 16:00,308,0,0,1,
3/30/1994 16:00,305,0,0,1,
3/31/1994 16:00,293,0,0,1,
4/1/1994 16:00,293,0,0,1,
4/2/1994 16:00,299,0,0,1,
4/3/1994 16:00,296,0,0,1,
4/4/1994 16:00,293,0,0,1,
4/5/1994 16:00,293,0,0,1,
4/6/1994 16:00,287,0,0,1,
4/7/1994 16:00,287,0,0,1,
4/8/1994 16:00,283,0,0,1,
4/9/1994 16:00,280,0,0,1,
4/10/1994 16:00,277,0,0,1,
4/11/1994 16:00,277,0,0,1,
4/12/1994 16:00,277,0,0,1,
4/13/1994 16:00,277,0,0,1,
4/14/1994 16:00,274,0,0,1,
4/15/1994 16:00,274,0,0,1,
4/16/1994 16:00,277,0,0,1,
4/17/1994 16:00,277,0,0,1,
4/18/1994 16:00,280,0,0,1,
4/19/1994 16:00,265,0,0,1,
4/20/1994 16:00,265,0,0,1,
4/21/1994 16:00,256,0,0,1,
4/22/1994 16:00,247,0,0,1,
4/23/1994 16:00,241,0,0,1,
4/24/1994 16:00,229,0,0,1,
4/25/1994 16:00,223,0,0,1,
4/26/1994 16:00,210,0,0,1,
4/27/1994 16:00,192,0,0,1,
4/28/1994 16:00,171,0,0,1,
4/29/1994 16:00,146,0,0,1,
4/30/1994 16:00,134,0,0,1,
5/1/1994 16:00,110,0,0,1,
5/2/1994 16:00,98,0,0,1,
5/3/1994 16:00,79,0,0,1,
5/4/1994 16:00,61,0,0,1,
5/5/1994 16:00,37,0,0,1,
5/6/1994 16:00,24,0,0,1,
5/7/1994 16:00,18,0,0,1,
5/8/1994 16:00,12,0,0,1,
5/9/1994 16:00,9,0,0,1,
5/10/1994 16:00,0,0,0,1,
5/11/1994 16:00,0,0,0,1,
5/12/1994 16:00,0,0,0,1,
5/13/1994 16:00,0,0,0,1,
5/14/1994 16:00,0,0,0,1,
5/15/1994 16:00,0,0,0,1,
5/16/1994 16:00,0,0,0,1,
5/17/1994 16:00,0,0,0,1,
5/18/1994 16:00,0,0,0,1,
5/19/1994 16:00,0,0,0,1,
5/20/1994 16:00,0,0,0,1,
5/21/1994 16:00,0,0,0,1,
5/22/1994 16:00,0,0,0,1,
5/23/1994 16:00,0,0,0,1,
5/24/1994 16:00,0,0,0,1,
5/25/1994 16:00,0,0,0,1,
5/26/1994 16:00,0,0,0,1,
5/27/1994 16:00,0,0,0,1,
5/28/1994 16:00,0,0,0,1,
5/29/1994 16:00,0,0,0,1,
5/30/1994 16:00,0,0,0,1,
5/31/1994 16:00,0,0,0,1,
6/1/1994 16:00,0,0,0,1,
6/2/1994 16:00,0,0,0,1,
6/3/1994 16:00,0,0,0,1,
6/4/1994 16:00,0,0,0,1,
6/5/1994 16:00,0,0,0,1,
6/6/1994 16:00,0,0,0,1,
6/7/1994 16:00,0,0,0,1,
6/8/1994 16:00,0,0,0,1,
6/9/1994 16:00,0,0,0,1,
6/10/1994 16:00,0,0,0,1,
6/11/1994 16:00,0,0,0,1,
6/12/1994 16:00,0,0,0,1,
6/13/1994 16:00,0,0,0,1,
6/14/1994 16:00,0,0,0,1,
6/15/1994 16:00,0,0,0,1,
6/16/1994 16:00,0,0,0,1,
6/17/1994 16:00,0,0,0,1,
6/18/1994 16:00,0,0,0,1,
6/19/1994 16:00,0,0,0,1,
6/20/1994 16:00,0,0,0,1,
6/21/1994 16:00,0,0,0,1,
6/22/1994 16:00,0,0,0,1,
6/23/1994 16:00,0,0,0,1,
6/24/1994 16:00,0,0,0,1,
6/25/1994 16:00,0,0,0,1,
6/26/1994 16:00,0,0,0,1,
6/27/1994 16:00,0,0,0,1,
6/28/1994 16:00,0,0,0,1,
6/29/1994 16:00,0,0,0,1,
6/30/1994 16:00,0,0,0,1,
7/1/1994 16:00,0,0,0,1,
7/2/1994 16:00,0,0,0,1,
7/3/1994 16:00,0,0,0,1,
7/4/1994 16:00,0,0,0,1,
7/5/1994 16:00,0,0,0,1,
7/6/1994 16:00,0,0,0,1,
7/7/1994 16:00,,-2,0,1,
7/8/1994 16:00,,-2,0,1,
7/9/1994 16:00,,-2,0,1,
7/10/1994 16:00,,-2,0,1,
7/11/1994 16:00,,-2,0,1,
7/12/1994 16:00,,-2,0,1,
7/13/1994 16:00,,-2,0,1,
7/14/1994 16:00,,-2,0,1,
7/15/1994 16:00,,-2,0,1,
7/16/1994 16:00,,-2,0,1,
7/17/1994 16:00,,-2,0,1,
7/18/1994 16:00,,-2,0,1,
7/19/1994 16:00,,-2,0,1,
7/20/1994 16:00,,-2,0,1,
7/21/1994 16:00,,-2,0,1,
7/22/1994 16:00,,-2,0,1,
7/23/1994 16:00,,-2,0,1,
7/24/1994 16:00,,-2,0,1,
7/25/1994 16:00,,-2,0,1,
7/26/1994 16:00,,-2,0,1,
7/27/1994 16:00,,-2,0,1,
7/28/1994 16:00,,-2,0,1,
7/29/1994 16:00,,-2,0,1,
7/30/1994 16:00,,-2,0,1,
7/31/1994 16:00,,-2,0,1,
8/1/1994 16:00,,-2,0,1,
8/2/1994 16:00,,-2,0,1,
8/3/1994 16:00,,-2,0,1,
8/4/1994 16:00,,-2,0,1,
8/5/1994 16:00,,-2,0,1,
8/6/1994 16:00,,-2,0,1,
8/7/1994 16:00,,-2,0,1,
8/8/1994 16:00,,-2,0,1,
8/9/1994 16:00,,-2,0,1,
8/10/1994 16:00,,-2,0,1,
8/11/1994 16:00,,-2,0,1,
8/12/1994 16:00,,-2,0,1,
8/13/1994 16:00,,-2,0,1,
8/14/1994 16:00,,-2,0,1,
8/15/1994 16:00,,-2,0,1,
8/16/1994 16:00,,-2,0,1,
8/17/1994 16:00,,-2,0,1,
8/18/1994 16:00,,-2,0,1,
8/19/1994 16:00,,-2,0,1,
8/20/1994 16:00,,-2,0,1,
8/21/1994 16:00,,-2,0,1,
8/22/1994 16:00,,-2,0,1,
8/23/1994 16:00,,-2,0,1,
8/24/1994 16:00,,-2,0,1,
8/25/1994 16:00,,-2,0,1,
8/26/1994 16:00,,-2,0,1,
8/27/1994 16:00,,-2,0,1,
8/28/1994 16:00,,-2,0,1,
8/29/1994 16:00,,-2,0,1,
8/30/1994 16:00,,-2,0,1,
8/31/1994 16:00,,-2,0,1,
9/1/1994 16:00,,-2,0,1,
9/2/1994 16:00,,-2,0,1,
9/3/1994 16:00,,-2,0,1,
9/4/1994 16:00,,-2,0,1,
9/5/1994 16:00,,-2,0,1,
9/6/1994 16:00,,-2,0,1,
9/7/1994 16:00,,-2,0,1,
9/8/1994 16:00,,-2,0,1,
9/9/1994 16:00,,-2,0,1,
9/10/1994 16:00,,-2,0,1,
9/11/1994 16:00,,-2,0,1,
9/12/1994 16:00,,-2,0,1,
9/13/1994 16:00,,-2,0,1,
9/14/1994 16:00,,-2,0,1,
9/15/1994 16:00,,-2,0,1,
9/16/1994 16:00,0,0,0,1,
9/17/1994 16:00,0,0,0,1,
9/18/1994 16:00,0,0,0,1,
9/19/1994 16:00,0,0,0,1,
9/20/1994 16:00,0,0,0,1,
9/21/1994 16:00,0,0,0,1,
9/22/1994 16:00,0,0,0,1,
9/23/1994 16:00,0,0,0,1,
9/24/1994 16:00,0,0,0,1,
9/25/1994 16:00,0,0,0,1,
9/26/1994 16:00,0,0,0,1,
9/27/1994 16:00,0,0,0,1,
9/28/1994 16:00,0,0,0,1,
9/29/1994 16:00,0,0,0,1,
9/30/1994 16:00,0,0,0,1,
10/1/1994 16:00,0,0,0,1,
10/2/1994 16:00,0,0,0,1,
10/3/1994 16:00,0,0,0,1,
10/4/1994 16:00,0,0,0,1,
10/5/1994 16:00,0,0,0,1,
10/6/1994 16:00,0,0,0,1,
10/7/1994 16:00,0,0,0,1,
10/8/1994 16:00,0,0,0,1,
10/9/1994 16:00,0,0,0,1,
10/10/1994 16:00,0,0,0,1,
10/11/1994 16:00,0,0,0,1,
10/12/1994 16:00,0,0,0,1,
10/13/1994 16:00,0,0,0,1,
10/14/1994 16:00,0,0,0,1,
10/15/1994 16:00,0,0,0,1,
10/16/1994 16:00,0,0,0,1,
10/17/1994 16:00,0,0,0,1,
10/18/1994 16:00,0,0,0,1,
10/19/1994 16:00,0,0,0,1,
10/20/1994 16:00,0,0,0,1,
10/21/1994 16:00,0,0,0,1,
10/22/1994 16:00,0,0,0,1,
10/23/1994 16:00,0,0,0,1,
10/24/1994 16:00,0,0,0,1,
10/25/1994 16:00,0,0,0,1,
10/26/1994 16:00,0,0,0,1,
10/27/1994 16:00,0,0,0,1,
10/28/1994 16:00,0,0,0,1,
10/29/1994 16:00,0,0,0,1,
10/30/1994 16:00,0,0,0,1,
10/31/1994 16:00,0,0,0,1,
11/1/1994 16:00,0,0,0,1,
11/2/1994 16:00,0,0,0,1,
11/3/1994 16:00,0,0,0,1,
11/4/1994 16:00,0,0,0,1,
11/5/1994 16:00,0,0,0,1,
11/6/1994 16:00,0,0,0,1,
11/7/1994 16:00,3,0,0,1,
11/8/1994 16:00,18,0,0,1,
11/9/1994 16:00,18,0,0,1,
11/10/1994 16:00,24,0,0,1,
11/11/1994 16:00,24,0,0,1,
11/12/1994 16:00,27,0,0,1,
11/13/1994 16:00,27,0,0,1,
11/14/1994 16:00,27,0,0,1,
11/15/1994 16:00,27,0,0,1,
11/16/1994 16:00,27,0,0,1,
11/17/1994 16:00,30,0,0,1,
11/18/1994 16:00,30,0,0,1,
11/19/1994 16:00,27,0,0,1,
11/20/1994 16:00,30,0,0,1,
11/21/1994 16:00,30,0,0,1,
11/22/1994 16:00,30,0,0,1,
11/23/1994 16:00,30,0,0,1,
11/24/1994 16:00,30,0,0,1,
11/25/1994 16:00,30,0,0,1,
11/26/1994 16:00,34,0,0,1,
11/27/1994 16:00,37,0,0,1,
11/28/1994 16:00,43,0,0,1,
11/29/1994 16:00,49,0,0,1,
11/30/1994 16:00,52,0,0,1,
12/1/1994 16:00,49,0,0,1,
12/2/1994 16:00,49,0,0,1,
12/3/1994 16:00,52,0,0,1,
12/4/1994 16:00,55,0,0,1,
12/5/1994 16:00,55,0,0,1,
12/6/1994 16:00,55,0,0,1,
12/7/1994 16:00,58,0,0,1,
12/8/1994 16:00,58,0,0,1,
12/9/1994 16:00,64,0,0,1,
12/10/1994 16:00,67,0,0,1,
12/11/1994 16:00,70,0,0,1,
12/12/1994 16:00,70,0,0,1,
12/13/1994 16:00,70,0,0,1,
12/14/1994 16:00,70,0,0,1,
12/15/1994 16:00,70,0,0,1,
12/16/1994 16:00,70,0,0,1,
12/17/1994 16:00,73,0,0,1,
12/18/1994 16:00,76,0,0,1,
12/19/1994 16:00,76,0,0,1,
12/20/1994 16:00,76,0,0,1,
12/21/1994 16:00,76,0,0,1,
12/22/1994 16:00,79,0,0,1,
12/23/1994 16:00,79,0,0,1,
12/24/1994 16:00,82,0,0,1,
12/25/1994 16:00,85,0,0,1,
12/26/1994 16:00,85,0,0,1,
12/27/1994 16:00,85,0,0,1,
12/28/1994 16:00,82,0,0,1,
12/29/1994 16:00,85,0,0,1,
12/30/1994 16:00,85,0,0,1,
12/31/1994 16:00,85,0,0,1,
1/1/1995 16:00,85,0,0,1,
1/2/1995 16:00,85,0,0,1,
1/3/1995 16:00,88,0,0,1,
1/4/1995 16:00,88,0,0,1,
1/5/1995 16:00,88,0,0,1,
1/6/1995 16:00,88,0,0,1,
1/7/1995 16:00,91,0,0,1,
1/8/1995 16:00,91,0,0,1,
1/9/1995 16:00,94,0,0,1,
1/10/1995 16:00,98,0,0,1,
1/11/1995 16:00,98,0,0,1,
1/12/1995 16:00,94,0,0,1,
1/13/1995 16:00,98,0,0,1,
1/14/1995 16:00,94,0,0,1,
1/15/1995 16:00,94,0,0,1,
1/16/1995 16:00,94,0,0,1,
1/17/1995 16:00,94,0,0,1,
1/18/1995 16:00,94,0,0,1,
1/19/1995 16:00,91,0,0,1,
1/20/1995 16:00,91,0,0,1,
1/21/1995 16:00,91,0,0,1,
1/22/1995 16:00,91,0,0,1,
1/23/1995 16:00,91,0,0,1,
1/24/1995 16:00,91,0,0,1,
1/25/1995 16:00,91,0,0,1,
1/26/1995 16:00,91,0,0,1,
1/27/1995 16:00,91,0,0,1,
1/28/1995 16:00,94,0,0,1,
1/29/1995 16:00,94,0,0,1,
1/30/1995 16:00,98,0,0,1,
1/31/1995 16:00,98,0,0,1,
2/1/1995 16:00,98,0,0,1,
2/2/1995 16:00,101,0,0,1,
2/3/1995 16:00,98,0,0,1,
2/4/1995 16:00,98,0,0,1,
2/5/1995 16:00,101,0,0,1,
2/6/1995 16:00,101,0,0,1,
2/7/1995 16:00,104,0,0,1,
2/8/1995 16:00,104,0,0,1,
2/9/1995 16:00,104,0,0,1,
2/10/1995 16:00,104,0,0,1,
2/11/1995 16:00,104,0,0,1,
2/12/1995 16:00,107,0,0,1,
2/13/1995 16:00,107,0,0,1,
2/14/1995 16:00,104,0,0,1,
2/15/1995 16:00,101,0,0,1,
2/16/1995 16:00,104,0,0,1,
2/17/1995 16:00,104,0,0,1,
2/18/1995 16:00,116,0,0,1,
2/19/1995 16:00,122,0,0,1,
2/20/1995 16:00,119,0,0,1,
2/21/1995 16:00,119,0,0,1,
2/22/1995 16:00,119,0,0,1,
2/23/1995 16:00,128,0,0,1,
2/24/1995 16:00,131,0,0,1,
2/25/1995 16:00,131,0,0,1,
2/26/1995 16:00,131,0,0,1,
2/27/1995 16:00,128,0,0,1,
2/28/1995 16:00,131,0,0,1,
3/1/1995 16:00,134,0,0,1,
3/2/1995 16:00,131,0,0,1,
3/3/1995 16:00,131,0,0,1,
3/4/1995 16:00,134,0,0,1,
3/5/1995 16:00,131,0,0,1,
3/6/1995 16:00,134,0,0,1,
3/7/1995 16:00,134,0,0,1,
3/8/1995 16:00,137,0,0,1,
3/9/1995 16:00,140,0,0,1,
3/10/1995 16:00,143,0,0,1,
3/11/1995 16:00,140,0,0,1,
3/12/1995 16:00,140,0,0,1,
3/13/1995 16:00,143,0,0,1,
3/14/1995 16:00,143,0,0,1,
3/15/1995 16:00,143,0,0,1,
3/16/1995 16:00,152,0,0,1,
3/17/1995 16:00,149,0,0,1,
3/18/1995 16:00,149,0,0,1,
3/19/1995 16:00,149,0,0,1,
3/20/1995 16:00,152,0,0,1,
3/21/1995 16:00,140,0,0,1,
3/22/1995 16:00,143,0,0,1,
3/23/1995 16:00,140,0,0,1,
3/24/1995 16:00,137,0,0,1,
3/25/1995 16:00,143,0,0,1,
3/26/1995 16:00,149,0,0,1,
3/27/1995 16:00,158,0,0,1,
3/28/1995 16:00,158,0,0,1,
3/29/1995 16:00,155,0,0,1,
3/30/1995 16:00,146,0,0,1,
3/31/1995 16:00,140,0,0,1,
4/1/1995 16:00,140,0,0,1,
4/2/1995 16:00,137,0,0,1,
4/3/1995 16:00,133,0,0,1,
4/4/1995 16:00,127,0,0,1,
4/5/1995 16:00,132,0,0,1,
4/6/1995 16:00,137,0,0,1,
4/7/1995 16:00,115,0,0,1,
4/8/1995 16:00,120,0,0,1,
4/9/1995 16:00,119,0,0,1,
4/10/1995 16:00,106,0,0,1,
4/11/1995 16:00,99,0,0,1,
4/12/1995 16:00,92,0,0,1,
4/13/1995 16:00,81,0,0,1,
4/14/1995 16:00,80,0,0,1,
4/15/1995 16:00,67,0,0,1,
4/16/1995 16:00,60,0,0,1,
4/17/1995 16:00,43,0,0,1,
4/18/1995 16:00,43,0,0,1,
4/19/1995 16:00,27,0,0,1,
4/20/1995 16:00,17,0,0,1,
4/21/1995 16:00,10,0,0,1,
4/22/1995 16:00,3,0,0,1,
4/23/1995 16:00,0,0,0,1,
4/24/1995 16:00,0,0,0,1,
4/25/1995 16:00,0,0,0,1,
4/26/1995 16:00,0,0,0,1,
4/27/1995 16:00,0,0,0,1,
4/28/1995 16:00,0,0,0,1,
4/29/1995 16:00,0,0,0,1,
4/30/1995 16:00,0,0,0,1,
5/1/1995 16:00,0,0,0,1,
5/2/1995 16:00,0,0,0,1,
5/3/1995 16:00,0,0,0,1,
5/4/1995 16:00,0,0,0,1,
5/5/1995 16:00,0,0,0,1,
5/6/1995 16:00,0,0,0,1,
5/7/1995 16:00,0,0,0,1,
5/8/1995 16:00,0,0,0,1,
5/9/1995 16:00,0,0,0,1,
5/10/1995 16:00,0,0,0,1,
5/11/1995 16:00,0,0,0,1,
5/12/1995 16:00,0,0,0,1,
5/13/1995 16:00,0,0,0,1,
5/14/1995 16:00,0,0,0,1,
5/15/1995 16:00,0,0,0,1,
5/16/1995 16:00,0,0,0,1,
5/17/1995 16:00,0,0,0,1,
5/18/1995 16:00,0,0,0,1,
5/19/1995 16:00,0,0,0,1,
5/20/1995 16:00,0,0,0,1,
5/21/1995 16:00,0,0,0,1,
5/22/1995 16:00,0,0,0,1,
5/23/1995 16:00,0,0,0,1,
5/24/1995 16:00,0,0,0,1,
5/25/1995 16:00,0,0,0,1,
5/26/1995 16:00,0,0,0,1,
5/27/1995 16:00,0,0,0,1,
5/28/1995 16:00,0,0,0,1,
5/29/1995 16:00,0,0,0,1,
5/30/1995 16:00,0,0,0,1,
5/31/1995 16:00,0,0,0,1,
6/1/1995 16:00,0,0,0,1,
6/2/1995 16:00,0,0,0,1,
6/3/1995 16:00,0,0,0,1,
6/4/1995 16:00,0,0,0,1,
6/5/1995 16:00,0,0,0,1,
6/6/1995 16:00,0,0,0,1,
6/7/1995 16:00,0,0,0,1,
6/8/1995 16:00,0,0,0,1,
6/9/1995 16:00,0,0,0,1,
6/10/1995 16:00,0,0,0,1,
6/11/1995 16:00,0,0,0,1,
6/12/1995 16:00,0,0,0,1,
6/13/1995 16:00,0,0,0,1,
6/14/1995 16:00,0,0,0,1,
6/15/1995 16:00,0,0,0,1,
6/16/1995 16:00,0,0,0,1,
6/17/1995 16:00,0,0,0,1,
6/18/1995 16:00,0,0,0,1,
6/19/1995 16:00,0,0,0,1,
6/20/1995 16:00,0,0,0,1,
6/21/1995 16:00,0,0,0,1,
6/22/1995 16:00,0,0,0,1,
6/23/1995 16:00,0,0,0,1,
6/24/1995 16:00,0,0,0,1,
6/25/1995 16:00,0,0,0,1,
6/26/1995 16:00,0,0,0,1,
6/27/1995 16:00,0,0,0,1,
6/28/1995 16:00,0,0,0,1,
6/29/1995 16:00,0,0,0,1,
6/30/1995 16:00,0,0,0,1,
7/1/1995 16:00,0,0,0,1,
7/2/1995 16:00,0,0,0,1,
7/3/1995 16:00,0,0,0,1,
7/4/1995 16:00,0,0,0,1,
7/5/1995 16:00,0,0,0,1,
7/6/1995 16:00,0,0,0,1,
7/7/1995 16:00,0,0,0,1,
7/8/1995 16:00,0,0,0,1,
7/9/1995 16:00,0,0,0,1,
7/10/1995 16:00,,-2,0,1,
7/11/1995 16:00,,-2,0,1,
7/12/1995 16:00,,-2,0,1,
7/13/1995 16:00,,-2,0,1,
7/14/1995 16:00,,-2,0,1,
7/15/1995 16:00,,-2,0,1,
7/16/1995 16:00,,-2,0,1,
7/17/1995 16:00,,-2,0,1,
7/18/1995 16:00,,-2,0,1,
7/19/1995 16:00,,-2,0,1,
7/20/1995 16:00,,-2,0,1,
7/21/1995 16:00,,-2,0,1,
7/22/1995 16:00,,-2,0,1,
7/23/1995 16:00,,-2,0,1,
7/24/1995 16:00,,-2,0,1,
7/25/1995 16:00,,-2,0,1,
7/26/1995 16:00,,-2,0,1,
7/27/1995 16:00,,-2,0,1,
7/28/1995 16:00,,-2,0,1,
7/29/1995 16:00,,-2,0,1,
7/30/1995 16:00,,-2,0,1,
7/31/1995 16:00,,-2,0,1,
8/1/1995 16:00,,-2,0,1,
8/2/1995 16:00,,-2,0,1,
8/3/1995 16:00,,-2,0,1,
8/4/1995 16:00,,-2,0,1,
8/5/1995 16:00,,-2,0,1,
8/6/1995 16:00,,-2,0,1,
8/7/1995 16:00,,-2,0,1,
8/8/1995 16:00,,-2,0,1,
8/9/1995 16:00,,-2,0,1,
8/10/1995 16:00,,-2,0,1,
8/11/1995 16:00,,-2,0,1,
8/12/1995 16:00,,-2,0,1,
8/13/1995 16:00,,-2,0,1,
8/14/1995 16:00,,-2,0,1,
8/15/1995 16:00,,-2,0,1,
8/16/1995 16:00,,-2,0,1,
8/17/1995 16:00,,-2,0,1,
8/18/1995 16:00,,-2,0,1,
8/19/1995 16:00,,-2,0,1,
8/20/1995 16:00,,-2,0,1,
8/21/1995 16:00,,-2,0,1,
8/22/1995 16:00,,-2,0,1,
8/23/1995 16:00,,-2,0,1,
8/24/1995 16:00,,-2,0,1,
8/25/1995 16:00,,-2,0,1,
8/26/1995 16:00,,-2,0,1,
8/27/1995 16:00,,-2,0,1,
8/28/1995 16:00,,-2,0,1,
8/29/1995 16:00,,-2,0,1,
8/30/1995 16:00,,-2,0,1,
8/31/1995 16:00,,-2,0,1,
9/1/1995 16:00,,-2,0,1,
9/2/1995 16:00,,-2,0,1,
9/3/1995 16:00,,-2,0,1,
9/4/1995 16:00,,-2,0,1,
9/5/1995 16:00,,-2,0,1,
9/6/1995 16:00,,-2,0,1,
9/7/1995 16:00,,-2,0,1,
9/8/1995 16:00,,-2,0,1,
9/9/1995 16:00,,-2,0,1,
9/10/1995 16:00,,-2,0,1,
9/11/1995 16:00,,-2,0,1,
9/12/1995 16:00,,-2,0,1,
9/13/1995 16:00,,-2,0,1,
9/14/1995 16:00,,-2,0,1,
9/15/1995 16:00,,-2,0,1,
9/16/1995 16:00,,-2,0,1,
9/17/1995 16:00,,-2,0,1,
9/18/1995 16:00,,-2,0,1,
9/19/1995 16:00,,-2,0,1,
9/20/1995 16:00,,-2,0,1,
9/21/1995 16:00,,-2,0,1,
9/22/1995 16:00,,-2,0,1,
9/23/1995 16:00,,-2,0,1,
9/24/1995 16:00,,-2,0,1,
9/25/1995 16:00,,-2,0,1,
9/26/1995 16:00,,-2,0,1,
9/27/1995 16:00,,-2,0,1,
9/28/1995 16:00,,-2,0,1,
9/29/1995 16:00,,-2,0,1,
9/30/1995 16:00,,-2,0,1,
10/1/1995 16:00,0,0,0,1,
10/2/1995 16:00,0,0,0,1,
10/3/1995 16:00,0,0,0,1,
10/4/1995 16:00,0,0,0,1,
10/5/1995 16:00,0,0,0,1,
10/6/1995 16:00,0,0,0,1,
10/7/1995 16:00,0,0,0,1,
10/8/1995 16:00,0,0,0,1,
10/9/1995 16:00,0,0,0,1,
10/10/1995 16:00,0,0,0,1,
10/11/1995 16:00,0,0,0,1,
10/12/1995 16:00,0,0,0,1,
10/13/1995 16:00,0,0,0,1,
10/14/1995 16:00,0,0,0,1,
10/15/1995 16:00,0,0,0,1,
10/16/1995 16:00,0,0,0,1,
10/17/1995 16:00,0,0,0,1,
10/18/1995 16:00,0,0,0,1,
10/19/1995 16:00,0,0,0,1,
10/20/1995 16:00,0,0,0,1,
10/21/1995 16:00,0,0,0,1,
10/22/1995 16:00,0,0,0,1,
10/23/1995 16:00,0,0,0,1,
10/24/1995 16:00,0,0,0,1,
10/25/1995 16:00,0,0,0,1,
10/26/1995 16:00,0,0,0,1,
10/27/1995 16:00,0,0,0,1,
10/28/1995 16:00,0,0,0,1,
10/29/1995 16:00,0,0,0,1,
10/30/1995 16:00,0,0,0,1,
10/31/1995 16:00,0,0,0,1,
11/1/1995 16:00,0,0,0,1,
11/2/1995 16:00,0,0,0,1,
11/3/1995 16:00,0,0,0,1,
11/4/1995 16:00,0,0,0,1,
11/5/1995 16:00,0,0,0,1,
11/6/1995 16:00,0,0,0,1,
11/7/1995 16:00,0,0,0,1,
11/8/1995 16:00,0,0,0,1,
11/9/1995 16:00,3,0,0,1,
11/10/1995 16:00,9,0,0,1,
11/11/1995 16:00,15,0,0,1,
11/12/1995 16:00,18,0,0,1,
11/13/1995 16:00,24,0,0,1,
11/14/1995 16:00,30,0,0,1,
11/15/1995 16:00,37,0,0,1,
11/16/1995 16:00,40,0,0,1,
11/17/1995 16:00,43,0,0,1,
11/18/1995 16:00,46,0,0,1,
11/19/1995 16:00,49,0,0,1,
11/20/1995 16:00,52,0,0,1,
11/21/1995 16:00,55,0,0,1,
11/22/1995 16:00,61,0,0,1,
11/23/1995 16:00,70,0,0,1,
11/24/1995 16:00,79,0,0,1,
11/25/1995 16:00,82,0,0,1,
11/26/1995 16:00,85,0,0,1,
11/27/1995 16:00,94,0,0,1,
11/28/1995 16:00,98,0,0,1,
11/29/1995 16:00,101,0,0,1,
11/30/1995 16:00,104,0,0,1,
12/1/1995 16:00,104,0,0,1,
12/2/1995 16:00,107,0,0,1,
12/3/1995 16:00,110,0,0,1,
12/4/1995 16:00,113,0,0,1,
12/5/1995 16:00,113,0,0,1,
12/6/1995 16:00,116,0,0,1,
12/7/1995 16:00,116,0,0,1,
12/8/1995 16:00,116,0,0,1,
12/9/1995 16:00,119,0,0,1,
12/10/1995 16:00,119,0,0,1,
12/11/1995 16:00,122,0,0,1,
12/12/1995 16:00,122,0,0,1,
12/13/1995 16:00,125,0,0,1,
12/14/1995 16:00,128,0,0,1,
12/15/1995 16:00,128,0,0,1,
12/16/1995 16:00,131,0,0,1,
12/17/1995 16:00,137,0,0,1,
12/18/1995 16:00,137,0,0,1,
12/19/1995 16:00,146,0,0,1,
12/20/1995 16:00,149,0,0,1,
12/21/1995 16:00,152,0,0,1,
12/22/1995 16:00,152,0,0,1,
12/23/1995 16:00,152,0,0,1,
12/24/1995 16:00,152,0,0,1,
12/25/1995 16:00,152,0,0,1,
12/26/1995 16:00,152,0,0,1,
12/27/1995 16:00,152,0,0,1,
12/28/1995 16:00,155,0,0,1,
12/29/1995 16:00,155,0,0,1,
12/30/1995 16:00,158,0,0,1,
12/31/1995 16:00,158,0,0,1,
1/1/1996 16:00,171,0,0,1,
1/2/1996 16:00,171,0,0,1,
1/3/1996 16:00,171,0,0,1,
1/4/1996 16:00,171,0,0,1,
1/5/1996 16:00,174,0,0,1,
1/6/1996 16:00,177,0,0,1,
1/7/1996 16:00,174,0,0,1,
1/8/1996 16:00,177,0,0,1,
1/9/1996 16:00,180,0,0,1,
1/10/1996 16:00,195,0,0,1,
1/11/1996 16:00,201,0,0,1,
1/12/1996 16:00,204,0,0,1,
1/13/1996 16:00,204,0,0,1,
1/14/1996 16:00,207,0,0,1,
1/15/1996 16:00,204,0,0,1,
1/16/1996 16:00,204,0,0,1,
1/17/1996 16:00,204,0,0,1,
1/18/1996 16:00,207,0,0,1,
1/19/1996 16:00,207,0,0,1,
1/20/1996 16:00,201,0,0,1,
1/21/1996 16:00,207,0,0,1,
1/22/1996 16:00,201,0,0,1,
1/23/1996 16:00,204,0,0,1,
1/24/1996 16:00,201,0,0,1,
1/25/1996 16:00,201,0,0,1,
1/26/1996 16:00,198,0,0,1,
1/27/1996 16:00,198,0,0,1,
1/28/1996 16:00,201,0,0,1,
1/29/1996 16:00,201,0,0,1,
1/30/1996 16:00,204,0,0,1,
1/31/1996 16:00,207,0,0,1,
2/1/1996 16:00,210,0,0,1,
2/2/1996 16:00,213,0,0,1,
2/3/1996 16:00,219,0,0,1,
2/4/1996 16:00,226,0,0,1,
2/5/1996 16:00,219,0,0,1,
2/6/1996 16:00,216,0,0,1,
2/7/1996 16:00,219,0,0,1,
2/8/1996 16:00,213,0,0,1,
2/9/1996 16:00,210,0,0,1,
2/10/1996 16:00,213,0,0,1,
2/11/1996 16:00,216,0,0,1,
2/12/1996 16:00,232,0,0,1,
2/13/1996 16:00,229,0,0,1,
2/14/1996 16:00,235,0,0,1,
2/15/1996 16:00,235,0,0,1,
2/16/1996 16:00,238,0,0,1,
2/17/1996 16:00,250,0,0,1,
2/18/1996 16:00,259,0,0,1,
2/19/1996 16:00,256,0,0,1,
2/20/1996 16:00,262,0,0,1,
2/21/1996 16:00,268,0,0,1,
2/22/1996 16:00,262,0,0,1,
2/23/1996 16:00,256,0,0,1,
2/24/1996 16:00,259,0,0,1,
2/25/1996 16:00,265,0,0,1,
2/26/1996 16:00,256,0,0,1,
2/27/1996 16:00,259,0,0,1,
2/28/1996 16:00,262,0,0,1,
2/29/1996 16:00,262,0,0,1,
3/1/1996 16:00,262,0,0,1,
3/2/1996 16:00,259,0,0,1,
3/3/1996 16:00,268,0,0,1,
3/4/1996 16:00,262,0,0,1,
3/5/1996 16:00,256,0,0,1,
3/6/1996 16:00,259,0,0,1,
3/7/1996 16:00,265,0,0,1,
3/8/1996 16:00,274,0,0,1,
3/9/1996 16:00,271,0,0,1,
3/10/1996 16:00,268,0,0,1,
3/11/1996 16:00,268,0,0,1,
3/12/1996 16:00,280,0,0,1,
3/13/1996 16:00,280,0,0,1,
3/14/1996 16:00,299,0,0,1,
3/15/1996 16:00,311,0,0,1,
3/16/1996 16:00,305,0,0,1,
3/17/1996 16:00,311,0,0,1,
3/18/1996 16:00,317,0,0,1,
3/19/1996 16:00,311,0,0,1,
3/20/1996 16:00,317,0,0,1,
3/21/1996 16:00,323,0,0,1,
3/22/1996 16:00,314,0,0,1,
3/23/1996 16:00,317,0,0,1,
3/24/1996 16:00,320,0,0,1,
3/25/1996 16:00,320,0,0,1,
3/26/1996 16:00,323,0,0,1,
3/27/1996 16:00,329,0,0,1,
3/28/1996 16:00,332,0,0,1,
3/29/1996 16:00,329,0,0,1,
3/30/1996 16:00,335,0,0,1,
3/31/1996 16:00,347,0,0,1,
4/1/1996 16:00,341,0,0,1,
4/2/1996 16:00,332,0,0,1,
4/3/1996 16:00,338,0,0,1,
4/4/1996 16:00,335,0,0,1,
4/5/1996 16:00,341,0,0,1,
4/6/1996 16:00,344,0,0,1,
4/7/1996 16:00,338,0,0,1,
4/8/1996 16:00,344,0,0,1,
4/9/1996 16:00,347,0,0,1,
4/10/1996 16:00,344,0,0,1,
4/11/1996 16:00,344,0,0,1,
4/12/1996 16:00,341,0,0,1,
4/13/1996 16:00,344,0,0,1,
4/14/1996 16:00,344,0,0,1,
4/15/1996 16:00,335,0,0,1,
4/16/1996 16:00,323,0,0,1,
4/17/1996 16:00,320,0,0,1,
4/18/1996 16:00,311,0,0,1,
4/19/1996 16:00,305,0,0,1,
4/20/1996 16:00,293,0,0,1,
4/21/1996 16:00,287,0,0,1,
4/22/1996 16:00,280,0,0,1,
4/23/1996 16:00,268,0,0,1,
4/24/1996 16:00,256,0,0,1,
4/25/1996 16:00,250,0,0,1,
4/26/1996 16:00,238,0,0,1,
4/27/1996 16:00,238,0,0,1,
4/28/1996 16:00,235,0,0,1,
4/29/1996 16:00,226,0,0,1,
4/30/1996 16:00,223,0,0,1,
5/1/1996 16:00,210,0,0,1,
5/2/1996 16:00,195,0,0,1,
5/3/1996 16:00,189,0,0,1,
5/4/1996 16:00,192,0,0,1,
5/5/1996 16:00,189,0,0,1,
5/6/1996 16:00,189,0,0,1,
5/7/1996 16:00,189,0,0,1,
5/8/1996 16:00,183,0,0,1,
5/9/1996 16:00,177,0,0,1,
5/10/1996 16:00,171,0,0,1,
5/11/1996 16:00,162,0,0,1,
5/12/1996 16:00,140,0,0,1,
5/13/1996 16:00,128,0,0,1,
5/14/1996 16:00,110,0,0,1,
5/15/1996 16:00,91,0,0,1,
5/16/1996 16:00,82,0,0,1,
5/17/1996 16:00,61,0,0,1,
5/18/1996 16:00,49,0,0,1,
5/19/1996 16:00,43,0,0,1,
5/20/1996 16:00,40,0,0,1,
5/21/1996 16:00,37,0,0,1,
5/22/1996 16:00,37,0,0,1,
5/23/1996 16:00,34,0,0,1,
5/24/1996 16:00,37,0,0,1,
5/25/1996 16:00,34,0,0,1,
5/26/1996 16:00,34,0,0,1,
5/27/1996 16:00,30,0,0,1,
5/28/1996 16:00,30,0,0,1,
5/29/1996 16:00,27,0,0,1,
5/30/1996 16:00,27,0,0,1,
5/31/1996 16:00,24,0,0,1,
6/1/1996 16:00,21,0,0,1,
6/2/1996 16:00,18,0,0,1,
6/3/1996 16:00,15,0,0,1,
6/4/1996 16:00,12,0,0,1,
6/5/1996 16:00,0,0,0,1,
6/6/1996 16:00,0,0,0,1,
6/7/1996 16:00,0,0,0,1,
6/8/1996 16:00,0,0,0,1,
6/9/1996 16:00,0,0,0,1,
6/10/1996 16:00,0,0,0,1,
6/11/1996 16:00,0,0,0,1,
6/12/1996 16:00,0,0,0,1,
6/13/1996 16:00,0,0,0,1,
6/14/1996 16:00,0,0,0,1,
6/15/1996 16:00,0,0,0,1,
6/16/1996 16:00,0,0,0,1,
6/17/1996 16:00,0,0,0,1,
6/18/1996 16:00,0,0,0,1,
6/19/1996 16:00,0,0,0,1,
6/20/1996 16:00,0,0,0,1,
6/21/1996 16:00,0,0,0,1,
6/22/1996 16:00,0,0,0,1,
6/23/1996 16:00,0,0,0,1,
6/24/1996 16:00,0,0,0,1,
6/25/1996 16:00,0,0,0,1,
6/26/1996 16:00,0,0,0,1,
6/27/1996 16:00,0,0,0,1,
6/28/1996 16:00,0,0,0,1,
6/29/1996 16:00,0,0,0,1,
6/30/1996 16:00,0,0,0,1,
7/1/1996 16:00,0,0,0,1,
7/2/1996 16:00,0,0,0,1,
7/3/1996 16:00,0,0,0,1,
7/4/1996 16:00,0,0,0,1,
7/5/1996 16:00,0,0,0,1,
7/6/1996 16:00,0,0,0,1,
7/7/1996 16:00,0,0,0,1,
7/8/1996 16:00,0,0,0,1,
7/9/1996 16:00,0,0,0,1,
7/10/1996 16:00,0,0,0,1,
7/11/1996 16:00,0,0,0,1,
7/12/1996 16:00,0,0,0,1,
7/13/1996 16:00,0,0,0,1,
7/14/1996 16:00,0,0,0,1,
7/15/1996 16:00,0,0,0,1,
7/16/1996 16:00,0,0,0,1,
7/17/1996 16:00,0,0,0,1,
7/18/1996 16:00,0,0,0,1,
7/19/1996 16:00,0,0,0,1,
7/20/1996 16:00,0,0,0,1,
7/21/1996 16:00,0,0,0,1,
7/22/1996 16:00,0,0,0,1,
7/23/1996 16:00,0,0,0,1,
7/24/1996 16:00,0,0,0,1,
7/25/1996 16:00,0,0,0,1,
7/26/1996 16:00,0,0,0,1,
7/27/1996 16:00,0,0,0,1,
7/28/1996 16:00,0,0,0,1,
7/29/1996 16:00,0,0,0,1,
7/30/1996 16:00,0,0,0,1,
7/31/1996 16:00,0,0,0,1,
8/1/1996 16:00,0,0,0,1,
8/2/1996 16:00,0,0,0,1,
8/3/1996 16:00,0,0,0,1,
8/4/1996 16:00,0,0,0,1,
8/5/1996 16:00,0,0,0,1,
8/6/1996 16:00,0,0,0,1,
8/7/1996 16:00,0,0,0,1,
8/8/1996 16:00,0,0,0,1,
8/9/1996 16:00,0,0,0,1,
8/10/1996 16:00,0,0,0,1,
8/11/1996 16:00,0,0,0,1,
8/12/1996 16:00,0,0,0,1,
8/13/1996 16:00,0,0,0,1,
8/14/1996 16:00,0,0,0,1,
8/15/1996 16:00,0,0,0,1,
8/16/1996 16:00,0,0,0,1,
8/17/1996 16:00,0,0,0,1,
8/18/1996 16:00,0,0,0,1,
8/19/1996 16:00,0,0,0,1,
8/20/1996 16:00,0,0,0,1,
8/21/1996 16:00,0,0,0,1,
8/22/1996 16:00,0,0,0,1,
8/23/1996 16:00,0,0,0,1,
8/24/1996 16:00,0,0,0,1,
8/25/1996 16:00,0,0,0,1,
8/26/1996 16:00,0,0,0,1,
8/27/1996 16:00,0,0,0,1,
8/28/1996 16:00,0,0,0,1,
8/29/1996 16:00,0,0,0,1,
8/30/1996 16:00,0,0,0,1,
8/31/1996 16:00,0,0,0,1,
9/1/1996 16:00,0,0,0,1,
9/2/1996 16:00,0,0,0,1,
9/3/1996 16:00,0,0,0,1,
9/4/1996 16:00,0,0,0,1,
9/5/1996 16:00,0,0,0,1,
9/6/1996 16:00,0,0,0,1,
9/7/1996 16:00,0,0,0,1,
9/8/1996 16:00,0,0,0,1,
9/9/1996 16:00,0,0,0,1,
9/10/1996 16:00,0,0,0,1,
9/11/1996 16:00,0,0,0,1,
9/12/1996 16:00,0,0,0,1,
9/13/1996 16:00,0,0,0,1,
9/14/1996 16:00,0,0,0,1,
9/15/1996 16:00,0,0,0,1,
9/16/1996 16:00,0,0,0,1,
9/17/1996 16:00,0,0,0,1,
9/18/1996 16:00,0,0,0,1,
9/19/1996 16:00,0,0,0,1,
9/20/1996 16:00,0,0,0,1,
9/21/1996 16:00,0,0,0,1,
9/22/1996 16:00,0,0,0,1,
9/23/1996 16:00,0,0,0,1,
9/24/1996 16:00,0,0,0,1,
9/25/1996 16:00,0,0,0,1,
9/26/1996 16:00,0,0,0,1,
9/27/1996 16:00,0,0,0,1,
9/28/1996 16:00,0,0,0,1,
9/29/1996 16:00,0,0,0,1,
9/30/1996 16:00,0,0,0,1,
10/1/1996 16:00,0,0,0,1,
10/2/1996 16:00,0,0,0,1,
10/3/1996 16:00,0,0,0,1,
10/4/1996 16:00,0,0,0,1,
10/5/1996 16:00,0,0,0,1,
10/6/1996 16:00,0,0,0,1,
10/7/1996 16:00,0,0,0,1,
10/8/1996 16:00,0,0,0,1,
10/9/1996 16:00,0,0,0,1,
10/10/1996 16:00,0,0,0,1,
10/11/1996 16:00,0,0,0,1,
10/12/1996 16:00,0,0,0,1,
10/13/1996 16:00,0,0,0,1,
10/14/1996 16:00,0,0,0,1,
10/15/1996 16:00,0,0,0,1,
10/16/1996 16:00,0,0,0,1,
10/17/1996 16:00,0,0,0,1,
10/18/1996 16:00,0,0,0,1,
10/19/1996 16:00,0,0,0,1,
10/20/1996 16:00,0,0,0,1,
10/21/1996 16:00,0,0,0,1,
10/22/1996 16:00,0,0,0,1,
10/23/1996 16:00,0,0,0,1,
10/24/1996 16:00,0,0,0,1,
10/25/1996 16:00,0,0,0,1,
10/26/1996 16:00,0,0,0,1,
10/27/1996 16:00,0,0,0,1,
10/28/1996 16:00,0,0,0,1,
10/29/1996 16:00,0,0,0,1,
10/30/1996 16:00,0,0,0,1,
10/31/1996 16:00,0,0,0,1,
11/1/1996 16:00,0,0,0,1,
11/2/1996 16:00,0,0,0,1,
11/3/1996 16:00,0,0,0,1,
11/4/1996 16:00,0,0,0,1,
11/5/1996 16:00,0,0,0,1,
11/6/1996 16:00,0,0,0,1,
11/7/1996 16:00,0,0,0,1,
11/8/1996 16:00,0,0,0,1,
11/9/1996 16:00,0,0,0,1,
11/10/1996 16:00,0,0,0,1,
11/11/1996 16:00,0,0,0,1,
11/12/1996 16:00,0,0,0,1,
11/13/1996 16:00,0,0,0,1,
11/14/1996 16:00,0,0,0,1,
11/15/1996 16:00,0,0,0,1,
11/16/1996 16:00,0,0,0,1,
11/17/1996 16:00,0,0,0,1,
11/18/1996 16:00,0,0,0,1,
11/19/1996 16:00,0,0,0,1,
11/20/1996 16:00,0,0,0,1,
11/21/1996 16:00,0,0,0,1,
11/22/1996 16:00,0,0,0,1,
11/23/1996 16:00,0,0,0,1,
11/24/1996 16:00,0,0,0,1,
11/25/1996 16:00,0,0,0,1,
11/26/1996 16:00,0,0,0,1,
11/27/1996 16:00,0,0,0,1,
11/28/1996 16:00,0,0,0,1,
11/29/1996 16:00,0,0,0,1,
11/30/1996 16:00,0,0,0,1,
12/1/1996 16:00,0,0,0,1,
12/2/1996 16:00,0,0,0,1,
12/3/1996 16:00,0,0,0,1,
12/4/1996 16:00,0,0,0,1,
12/5/1996 16:00,0,0,0,1,
12/6/1996 16:00,0,0,0,1,
12/7/1996 16:00,0,0,0,1,
12/8/1996 16:00,0,0,0,1,
12/9/1996 16:00,0,0,0,1,
12/10/1996 16:00,0,0,0,1,
12/11/1996 16:00,0,0,0,1,
12/12/1996 16:00,0,0,0,1,
12/13/1996 16:00,0,0,0,1,
12/14/1996 16:00,0,0,0,1,
12/15/1996 16:00,0,0,0,1,
12/16/1996 16:00,0,0,0,1,
12/17/1996 16:00,0,0,0,1,
12/18/1996 16:00,0,0,0,1,
12/19/1996 16:00,0,0,0,1,
12/20/1996 16:00,0,0,0,1,
12/21/1996 16:00,0,0,0,1,
12/22/1996 16:00,0,0,0,1,
12/23/1996 16:00,0,0,0,1,
12/24/1996 16:00,0,0,0,1,
12/25/1996 16:00,0,0,0,1,
12/26/1996 16:00,0,0,0,1,
12/27/1996 16:00,0,0,0,1,
12/28/1996 16:00,0,0,0,1,
12/29/1996 16:00,0,0,0,1,
12/30/1996 16:00,0,0,0,1,
12/31/1996 16:00,0,0,0,1,
1/1/1997 16:00,0,0,0,1,
1/2/1997 16:00,0,0,0,1,
1/3/1997 16:00,0,0,0,1,
1/4/1997 16:00,0,0,0,1,
1/5/1997 16:00,0,0,0,1,
1/6/1997 16:00,0,0,0,1,
1/7/1997 16:00,0,0,0,1,
1/8/1997 16:00,0,0,0,1,
1/9/1997 16:00,0,0,0,1,
1/10/1997 16:00,0,0,0,1,
1/11/1997 16:00,0,0,0,1,
1/12/1997 16:00,0,0,0,1,
1/13/1997 16:00,0,0,0,1,
1/14/1997 16:00,0,0,0,1,
1/15/1997 16:00,0,0,0,1,
1/16/1997 16:00,0,0,0,1,
1/17/1997 16:00,0,0,0,1,
1/18/1997 16:00,0,0,0,1,
1/19/1997 16:00,0,0,0,1,
1/20/1997 16:00,0,0,0,1,
1/21/1997 16:00,0,0,0,1,
1/22/1997 16:00,0,0,0,1,
1/23/1997 16:00,0,0,0,1,
1/24/1997 16:00,0,0,0,1,
1/25/1997 16:00,0,0,0,1,
1/26/1997 16:00,0,0,0,1,
1/27/1997 16:00,0,0,0,1,
1/28/1997 16:00,0,0,0,1,
1/29/1997 16:00,0,0,0,1,
1/30/1997 16:00,0,0,0,1,
1/31/1997 16:00,0,0,0,1,
2/1/1997 16:00,0,0,0,1,
2/2/1997 16:00,0,0,0,1,
2/3/1997 16:00,0,0,0,1,
2/4/1997 16:00,0,0,0,1,
2/5/1997 16:00,0,0,0,1,
2/6/1997 16:00,0,0,0,1,
2/7/1997 16:00,0,0,0,1,
2/8/1997 16:00,0,0,0,1,
2/9/1997 16:00,0,0,0,1,
2/10/1997 16:00,0,0,0,1,
2/11/1997 16:00,0,0,0,1,
2/12/1997 16:00,0,0,0,1,
2/13/1997 16:00,0,0,0,1,
2/14/1997 16:00,0,0,0,1,
2/15/1997 16:00,0,0,0,1,
2/16/1997 16:00,0,0,0,1,
2/17/1997 16:00,0,0,0,1,
2/18/1997 16:00,0,0,0,1,
2/19/1997 16:00,0,0,0,1,
2/20/1997 16:00,0,0,0,1,
2/21/1997 16:00,0,0,0,1,
2/22/1997 16:00,0,0,0,1,
2/23/1997 16:00,0,0,0,1,
2/24/1997 16:00,0,0,0,1,
2/25/1997 16:00,0,0,0,1,
2/26/1997 16:00,0,0,0,1,
2/27/1997 16:00,0,0,0,1,
2/28/1997 16:00,0,0,0,1,
3/1/1997 16:00,0,0,0,1,
3/2/1997 16:00,0,0,0,1,
3/3/1997 16:00,0,0,0,1,
3/4/1997 16:00,0,0,0,1,
3/5/1997 16:00,0,0,0,1,
3/6/1997 16:00,0,0,0,1,
3/7/1997 16:00,0,0,0,1,
3/8/1997 16:00,0,0,0,1,
3/9/1997 16:00,0,0,0,1,
3/10/1997 16:00,0,0,0,1,
3/11/1997 16:00,0,0,0,1,
3/12/1997 16:00,0,0,0,1,
3/13/1997 16:00,0,0,0,1,
3/14/1997 16:00,0,0,0,1,
3/15/1997 16:00,0,0,0,1,
3/16/1997 16:00,0,0,0,1,
3/17/1997 16:00,0,0,0,1,
3/18/1997 16:00,0,0,0,1,
3/19/1997 16:00,0,0,0,1,
3/20/1997 16:00,0,0,0,1,
3/21/1997 16:00,0,0,0,1,
3/22/1997 16:00,0,0,0,1,
3/23/1997 16:00,0,0,0,1,
3/24/1997 16:00,0,0,0,1,
3/25/1997 16:00,0,0,0,1,
3/26/1997 16:00,0,0,0,1,
3/27/1997 16:00,0,0,0,1,
3/28/1997 16:00,0,0,0,1,
3/29/1997 16:00,0,0,0,1,
3/30/1997 16:00,0,0,0,1,
3/31/1997 16:00,0,0,0,1,
4/1/1997 16:00,0,0,0,1,
4/2/1997 16:00,0,0,0,1,
4/3/1997 16:00,0,0,0,1,
4/4/1997 16:00,0,0,0,1,
4/5/1997 16:00,0,0,0,1,
4/6/1997 16:00,0,0,0,1,
4/7/1997 16:00,0,0,0,1,
4/8/1997 16:00,0,0,0,1,
4/9/1997 16:00,0,0,0,1,
4/10/1997 16:00,0,0,0,1,
4/11/1997 16:00,0,0,0,1,
4/12/1997 16:00,0,0,0,1,
4/13/1997 16:00,0,0,0,1,
4/14/1997 16:00,0,0,0,1,
4/15/1997 16:00,0,0,0,1,
4/16/1997 16:00,0,0,0,1,
4/17/1997 16:00,0,0,0,1,
4/18/1997 16:00,0,0,0,1,
4/19/1997 16:00,0,0,0,1,
4/20/1997 16:00,0,0,0,1,
4/21/1997 16:00,0,0,0,1,
4/22/1997 16:00,0,0,0,1,
4/23/1997 16:00,0,0,0,1,
4/24/1997 16:00,0,0,0,1,
4/25/1997 16:00,0,0,0,1,
4/26/1997 16:00,0,0,0,1,
4/27/1997 16:00,0,0,0,1,
4/28/1997 16:00,0,0,0,1,
4/29/1997 16:00,0,0,0,1,
4/30/1997 16:00,0,0,0,1,
5/1/1997 16:00,0,0,0,1,
5/2/1997 16:00,0,0,0,1,
5/3/1997 16:00,0,0,0,1,
5/4/1997 16:00,0,0,0,1,
5/5/1997 16:00,0,0,0,1,
5/6/1997 16:00,0,0,0,1,
5/7/1997 16:00,0,0,0,1,
5/8/1997 16:00,0,0,0,1,
5/9/1997 16:00,0,0,0,1,
5/10/1997 16:00,0,0,0,1,
5/11/1997 16:00,0,0,0,1,
5/12/1997 16:00,0,0,0,1,
5/13/1997 16:00,0,0,0,1,
5/14/1997 16:00,0,0,0,1,
5/15/1997 16:00,0,0,0,1,
5/16/1997 16:00,0,0,0,1,
5/17/1997 16:00,0,0,0,1,
5/18/1997 16:00,0,0,0,1,
5/19/1997 16:00,0,0,0,1,
5/20/1997 16:00,0,0,0,1,
5/21/1997 16:00,0,0,0,1,
5/22/1997 16:00,0,0,0,1,
5/23/1997 16:00,0,0,0,1,
5/24/1997 16:00,0,0,0,1,
5/25/1997 16:00,0,0,0,1,
5/26/1997 16:00,0,0,0,1,
5/27/1997 16:00,0,0,0,1,
5/28/1997 16:00,0,0,0,1,
5/29/1997 16:00,0,0,0,1,
5/30/1997 16:00,0,0,0,1,
5/31/1997 16:00,0,0,0,1,
6/1/1997 16:00,0,0,0,1,
6/2/1997 16:00,0,0,0,1,
6/3/1997 16:00,0,0,0,1,
6/4/1997 16:00,0,0,0,1,
6/5/1997 16:00,0,0,0,1,
6/6/1997 16:00,0,0,0,1,
6/7/1997 16:00,0,0,0,1,
6/8/1997 16:00,0,0,0,1,
6/9/1997 16:00,0,0,0,1,
6/10/1997 16:00,0,0,0,1,
6/11/1997 16:00,0,0,0,1,
6/12/1997 16:00,0,0,0,1,
6/13/1997 16:00,0,0,0,1,
6/14/1997 16:00,0,0,0,1,
6/15/1997 16:00,0,0,0,1,
6/16/1997 16:00,0,0,0,1,
6/17/1997 16:00,0,0,0,1,
6/18/1997 16:00,0,0,0,1,
6/19/1997 16:00,0,0,0,1,
6/20/1997 16:00,0,0,0,1,
6/21/1997 16:00,0,0,0,1,
6/22/1997 16:00,0,0,0,1,
6/23/1997 16:00,0,0,0,1,
6/24/1997 16:00,0,0,0,1,
6/25/1997 16:00,0,0,0,1,
6/26/1997 16:00,0,0,0,1,
6/27/1997 16:00,0,0,0,1,
6/28/1997 16:00,0,0,0,1,
6/29/1997 16:00,0,0,0,1,
6/30/1997 16:00,0,0,0,1,
7/1/1997 16:00,0,0,0,1,
7/2/1997 16:00,0,0,0,1,
7/3/1997 16:00,0,0,0,1,
7/4/1997 16:00,0,0,0,1,
7/5/1997 16:00,0,0,0,1,
7/6/1997 16:00,0,0,0,1,
7/7/1997 16:00,0,0,0,1,
7/8/1997 16:00,0,0,0,1,
7/9/1997 16:00,0,0,0,1,
7/10/1997 16:00,0,0,0,1,
7/11/1997 16:00,0,0,0,1,
7/12/1997 16:00,0,0,0,1,
7/13/1997 16:00,0,0,0,1,
7/14/1997 16:00,0,0,0,1,
7/15/1997 16:00,0,0,0,1,
7/16/1997 16:00,0,0,0,1,
7/17/1997 16:00,0,0,0,1,
7/18/1997 16:00,0,0,0,1,
7/19/1997 16:00,0,0,0,1,
7/20/1997 16:00,0,0,0,1,
7/21/1997 16:00,0,0,0,1,
7/22/1997 16:00,0,0,0,1,
7/23/1997 16:00,0,0,0,1,
7/24/1997 16:00,0,0,0,1,
7/25/1997 16:00,0,0,0,1,
7/26/1997 16:00,0,0,0,1,
7/27/1997 16:00,0,0,0,1,
7/28/1997 16:00,0,0,0,1,
7/29/1997 16:00,0,0,0,1,
7/30/1997 16:00,0,0,0,1,
7/31/1997 16:00,0,0,0,1,
8/1/1997 16:00,0,0,0,1,
8/2/1997 16:00,0,0,0,1,
8/3/1997 16:00,0,0,0,1,
8/4/1997 16:00,0,0,0,1,
8/5/1997 16:00,0,0,0,1,
8/6/1997 16:00,0,0,0,1,
8/7/1997 16:00,0,0,0,1,
8/8/1997 16:00,0,0,0,1,
8/9/1997 16:00,0,0,0,1,
8/10/1997 16:00,0,0,0,1,
8/11/1997 16:00,0,0,0,1,
8/12/1997 16:00,0,0,0,1,
8/13/1997 16:00,0,0,0,1,
8/14/1997 16:00,0,0,0,1,
8/15/1997 16:00,0,0,0,1,
8/16/1997 16:00,0,0,0,1,
8/17/1997 16:00,0,0,0,1,
8/18/1997 16:00,0,0,0,1,
8/19/1997 16:00,0,0,0,1,
8/20/1997 16:00,0,0,0,1,
8/21/1997 16:00,0,0,0,1,
8/22/1997 16:00,0,0,0,1,
8/23/1997 16:00,0,0,0,1,
8/24/1997 16:00,0,0,0,1,
8/25/1997 16:00,0,0,0,1,
8/26/1997 16:00,0,0,0,1,
8/27/1997 16:00,0,0,0,1,
8/28/1997 16:00,0,0,0,1,
8/29/1997 16:00,0,0,0,1,
8/30/1997 16:00,0,0,0,1,
8/31/1997 16:00,0,0,0,1,
9/1/1997 16:00,0,0,0,1,
9/2/1997 16:00,0,0,0,1,
9/3/1997 16:00,0,0,0,1,
9/4/1997 16:00,0,0,0,1,
9/5/1997 16:00,0,0,0,1,
9/6/1997 16:00,0,0,0,1,
9/7/1997 16:00,0,0,0,1,
9/8/1997 16:00,0,0,0,1,
9/9/1997 16:00,0,0,0,1,
9/10/1997 16:00,0,0,0,1,
9/11/1997 16:00,0,0,0,1,
9/12/1997 16:00,0,0,0,1,
9/13/1997 16:00,0,0,0,1,
9/14/1997 16:00,0,0,0,1,
9/15/1997 16:00,0,0,0,1,
9/16/1997 16:00,0,0,0,1,
9/17/1997 16:00,0,0,0,1,
9/18/1997 16:00,0,0,0,1,
9/19/1997 16:00,0,0,0,1,
9/20/1997 16:00,0,0,0,1,
9/21/1997 16:00,0,0,0,1,
9/22/1997 16:00,0,0,0,1,
9/23/1997 16:00,0,0,0,1,
9/24/1997 16:00,0,0,0,1,
9/25/1997 16:00,0,0,0,1,
9/26/1997 16:00,0,0,0,1,
9/27/1997 16:00,0,0,0,1,
9/28/1997 16:00,0,0,0,1,
9/29/1997 16:00,0,0,0,1,
9/30/1997 16:00,0,0,0,1,
10/1/1997 16:00,0,0,0,1,
10/2/1997 16:00,0,0,0,1,
10/3/1997 16:00,0,0,0,1,
10/4/1997 16:00,0,0,0,1,
10/5/1997 16:00,0,0,0,1,
10/6/1997 16:00,0,0,0,1,
10/7/1997 16:00,0,0,0,1,
10/8/1997 16:00,0,0,0,1,
10/9/1997 16:00,0,0,0,1,
10/10/1997 16:00,0,0,0,1,
10/11/1997 16:00,0,0,0,1,
10/12/1997 16:00,0,0,0,1,
10/13/1997 16:00,0,0,0,1,
10/14/1997 16:00,0,0,0,1,
10/15/1997 16:00,0,0,0,1,
10/16/1997 16:00,0,0,0,1,
10/17/1997 16:00,0,0,0,1,
10/18/1997 16:00,0,0,0,1,
10/19/1997 16:00,0,0,0,1,
10/20/1997 16:00,0,0,0,1,
10/21/1997 16:00,0,0,0,1,
10/22/1997 16:00,0,0,0,1,
10/23/1997 16:00,0,0,0,1,
10/24/1997 16:00,0,0,0,1,
10/25/1997 16:00,0,0,0,1,
10/26/1997 16:00,0,0,0,1,
10/27/1997 16:00,0,0,0,1,
10/28/1997 16:00,0,0,0,1,
10/29/1997 16:00,0,0,0,1,
10/30/1997 16:00,0,0,0,1,
10/31/1997 16:00,0,0,0,1,
11/1/1997 16:00,0,0,0,1,
11/2/1997 16:00,0,0,0,1,
11/3/1997 16:00,0,0,0,1,
11/4/1997 16:00,0,0,0,1,
11/5/1997 16:00,0,0,0,1,
11/6/1997 16:00,0,0,0,1,
11/7/1997 16:00,0,0,0,1,
11/8/1997 16:00,0,0,0,1,
11/9/1997 16:00,0,0,0,1,
11/10/1997 16:00,0,0,0,1,
11/11/1997 16:00,0,0,0,1,
11/12/1997 16:00,0,0,0,1,
11/13/1997 16:00,0,0,0,1,
11/14/1997 16:00,0,0,0,1,
11/15/1997 16:00,0,0,0,1,
11/16/1997 16:00,0,0,0,1,
11/17/1997 16:00,0,0,0,1,
11/18/1997 16:00,0,0,0,1,
11/19/1997 16:00,0,0,0,1,
11/20/1997 16:00,0,0,0,1,
11/21/1997 16:00,0,0,0,1,
11/22/1997 16:00,0,0,0,1,
11/23/1997 16:00,0,0,0,1,
11/24/1997 16:00,0,0,0,1,
11/25/1997 16:00,0,0,0,1,
11/26/1997 16:00,0,0,0,1,
11/27/1997 16:00,0,0,0,1,
11/28/1997 16:00,0,0,0,1,
11/29/1997 16:00,0,0,0,1,
11/30/1997 16:00,0,0,0,1,
12/1/1997 16:00,0,0,0,1,
12/2/1997 16:00,0,0,0,1,
12/3/1997 16:00,0,0,0,1,
12/4/1997 16:00,0,0,0,1,
12/5/1997 16:00,0,0,0,1,
12/6/1997 16:00,0,0,0,1,
12/7/1997 16:00,0,0,0,1,
12/8/1997 16:00,0,0,0,1,
12/9/1997 16:00,0,0,0,1,
12/10/1997 16:00,0,0,0,1,
12/11/1997 16:00,0,0,0,1,
12/12/1997 16:00,0,0,0,1,
12/13/1997 16:00,0,0,0,1,
12/14/1997 16:00,0,0,0,1,
12/15/1997 16:00,0,0,0,1,
12/16/1997 16:00,0,0,0,1,
12/17/1997 16:00,0,0,0,1,
12/18/1997 16:00,0,0,0,1,
12/19/1997 16:00,0,0,0,1,
12/20/1997 16:00,0,0,0,1,
12/21/1997 16:00,0,0,0,1,
12/22/1997 16:00,0,0,0,1,
12/23/1997 16:00,0,0,0,1,
12/24/1997 16:00,0,0,0,1,
12/25/1997 16:00,0,0,0,1,
12/26/1997 16:00,0,0,0,1,
12/27/1997 16:00,0,0,0,1,
12/28/1997 16:00,0,0,0,1,
12/29/1997 16:00,0,0,0,1,
12/30/1997 16:00,0,0,0,1,
12/31/1997 16:00,0,0,0,1,
1/1/1998 16:00,0,0,0,1,
1/2/1998 16:00,0,0,0,1,
1/3/1998 16:00,0,0,0,1,
1/4/1998 16:00,0,0,0,1,
1/5/1998 16:00,0,0,0,1,
1/6/1998 16:00,0,0,0,1,
1/7/1998 16:00,0,0,0,1,
1/8/1998 16:00,0,0,0,1,
1/9/1998 16:00,0,0,0,1,
1/10/1998 16:00,0,0,0,1,
1/11/1998 16:00,0,0,0,1,
1/12/1998 16:00,0,0,0,1,
1/13/1998 16:00,0,0,0,1,
1/14/1998 16:00,0,0,0,1,
1/15/1998 16:00,0,0,0,1,
1/16/1998 16:00,0,0,0,1,
1/17/1998 16:00,0,0,0,1,
1/18/1998 16:00,0,0,0,1,
1/19/1998 16:00,0,0,0,1,
1/20/1998 16:00,0,0,0,1,
1/21/1998 16:00,0,0,0,1,
1/22/1998 16:00,0,0,0,1,
1/23/1998 16:00,0,0,0,1,
1/24/1998 16:00,0,0,0,1,
1/25/1998 16:00,0,0,0,1,
1/26/1998 16:00,0,0,0,1,
1/27/1998 16:00,0,0,0,1,
1/28/1998 16:00,0,0,0,1,
1/29/1998 16:00,0,0,0,1,
1/30/1998 16:00,0,0,0,1,
1/31/1998 16:00,0,0,0,1,
2/1/1998 16:00,0,0,0,1,
2/2/1998 16:00,0,0,0,1,
2/3/1998 16:00,0,0,0,1,
2/4/1998 16:00,0,0,0,1,
2/5/1998 16:00,0,0,0,1,
2/6/1998 16:00,0,0,0,1,
2/7/1998 16:00,0,0,0,1,
2/8/1998 16:00,0,0,0,1,
2/9/1998 16:00,0,0,0,1,
2/10/1998 16:00,0,0,0,1,
2/11/1998 16:00,0,0,0,1,
2/12/1998 16:00,0,0,0,1,
2/13/1998 16:00,0,0,0,1,
2/14/1998 16:00,0,0,0,1,
2/15/1998 16:00,0,0,0,1,
2/16/1998 16:00,0,0,0,1,
2/17/1998 16:00,0,0,0,1,
2/18/1998 16:00,0,0,0,1,
2/19/1998 16:00,0,0,0,1,
2/20/1998 16:00,0,0,0,1,
2/21/1998 16:00,0,0,0,1,
2/22/1998 16:00,0,0,0,1,
2/23/1998 16:00,0,0,0,1,
2/24/1998 16:00,0,0,0,1,
2/25/1998 16:00,0,0,0,1,
2/26/1998 16:00,0,0,0,1,
2/27/1998 16:00,0,0,0,1,
2/28/1998 16:00,0,0,0,1,
3/1/1998 16:00,0,0,0,1,
3/2/1998 16:00,0,0,0,1,
3/3/1998 16:00,0,0,0,1,
3/4/1998 16:00,0,0,0,1,
3/5/1998 16:00,0,0,0,1,
3/6/1998 16:00,0,0,0,1,
3/7/1998 16:00,0,0,0,1,
3/8/1998 16:00,0,0,0,1,
3/9/1998 16:00,0,0,0,1,
3/10/1998 16:00,0,0,0,1,
3/11/1998 16:00,0,0,0,1,
3/12/1998 16:00,0,0,0,1,
3/13/1998 16:00,0,0,0,1,
3/14/1998 16:00,0,0,0,1,
3/15/1998 16:00,0,0,0,1,
3/16/1998 16:00,0,0,0,1,
3/17/1998 16:00,0,0,0,1,
3/18/1998 16:00,0,0,0,1,
3/19/1998 16:00,0,0,0,1,
3/20/1998 16:00,0,0,0,1,
3/21/1998 16:00,0,0,0,1,
3/22/1998 16:00,0,0,0,1,
3/23/1998 16:00,0,0,0,1,
3/24/1998 16:00,0,0,0,1,
3/25/1998 16:00,0,0,0,1,
3/26/1998 16:00,0,0,0,1,
3/27/1998 16:00,0,0,0,1,
3/28/1998 16:00,0,0,0,1,
3/29/1998 16:00,0,0,0,1,
3/30/1998 16:00,0,0,0,1,
3/31/1998 16:00,0,0,0,1,
4/1/1998 16:00,0,0,0,1,
4/2/1998 16:00,0,0,0,1,
4/3/1998 16:00,0,0,0,1,
4/4/1998 16:00,0,0,0,1,
4/5/1998 16:00,0,0,0,1,
4/6/1998 16:00,0,0,0,1,
4/7/1998 16:00,0,0,0,1,
4/8/1998 16:00,0,0,0,1,
4/9/1998 16:00,0,0,0,1,
4/10/1998 16:00,0,0,0,1,
4/11/1998 16:00,0,0,0,1,
4/12/1998 16:00,0,0,0,1,
4/13/1998 16:00,0,0,0,1,
4/14/1998 16:00,0,0,0,1,
4/15/1998 16:00,0,0,0,1,
4/16/1998 16:00,0,0,0,1,
4/17/1998 16:00,0,0,0,1,
4/18/1998 16:00,0,0,0,1,
4/19/1998 16:00,0,0,0,1,
4/20/1998 16:00,0,0,0,1,
4/21/1998 16:00,0,0,0,1,
4/22/1998 16:00,0,0,0,1,
4/23/1998 16:00,0,0,0,1,
4/24/1998 16:00,0,0,0,1,
4/25/1998 16:00,0,0,0,1,
4/26/1998 16:00,0,0,0,1,
4/27/1998 16:00,0,0,0,1,
4/28/1998 16:00,0,0,0,1,
4/29/1998 16:00,0,0,0,1,
4/30/1998 16:00,0,0,0,1,
5/1/1998 16:00,0,0,0,1,
5/2/1998 16:00,0,0,0,1,
5/3/1998 16:00,0,0,0,1,
5/4/1998 16:00,0,0,0,1,
5/5/1998 16:00,0,0,0,1,
5/6/1998 16:00,0,0,0,1,
5/7/1998 16:00,0,0,0,1,
5/8/1998 16:00,0,0,0,1,
5/9/1998 16:00,0,0,0,1,
5/10/1998 16:00,0,0,0,1,
5/11/1998 16:00,0,0,0,1,
5/12/1998 16:00,0,0,0,1,
5/13/1998 16:00,0,0,0,1,
5/14/1998 16:00,0,0,0,1,
5/15/1998 16:00,0,0,0,1,
5/16/1998 16:00,0,0,0,1,
5/17/1998 16:00,0,0,0,1,
5/18/1998 16:00,0,0,0,1,
5/19/1998 16:00,0,0,0,1,
5/20/1998 16:00,0,0,0,1,
5/21/1998 16:00,0,0,0,1,
5/22/1998 16:00,0,0,0,1,
5/23/1998 16:00,0,0,0,1,
5/24/1998 16:00,0,0,0,1,
5/25/1998 16:00,0,0,0,1,
5/26/1998 16:00,0,0,0,1,
5/27/1998 16:00,0,0,0,1,
5/28/1998 16:00,0,0,0,1,
5/29/1998 16:00,0,0,0,1,
5/30/1998 16:00,0,0,0,1,
5/31/1998 16:00,0,0,0,1,
6/1/1998 16:00,0,0,0,1,
6/2/1998 16:00,0,0,0,1,
6/3/1998 16:00,0,0,0,1,
6/4/1998 16:00,0,0,0,1,
6/5/1998 16:00,0,0,0,1,
6/6/1998 16:00,0,0,0,1,
6/7/1998 16:00,0,0,0,1,
6/8/1998 16:00,0,0,0,1,
6/9/1998 16:00,0,0,0,1,
6/10/1998 16:00,0,0,0,1,
6/11/1998 16:00,0,0,0,1,
6/12/1998 16:00,0,0,0,1,
6/13/1998 16:00,0,0,0,1,
6/14/1998 16:00,0,0,0,1,
6/15/1998 16:00,0,0,0,1,
6/16/1998 16:00,0,0,0,1,
6/17/1998 16:00,0,0,0,1,
6/18/1998 16:00,0,0,0,1,
6/19/1998 16:00,0,0,0,1,
6/20/1998 16:00,0,0,0,1,
6/21/1998 16:00,0,0,0,1,
6/22/1998 16:00,0,0,0,1,
6/23/1998 16:00,0,0,0,1,
6/24/1998 16:00,0,0,0,1,
6/25/1998 16:00,0,0,0,1,
6/26/1998 16:00,0,0,0,1,
6/27/1998 16:00,0,0,0,1,
6/28/1998 16:00,0,0,0,1,
6/29/1998 16:00,0,0,0,1,
6/30/1998 16:00,0,0,0,1,
7/1/1998 16:00,0,0,0,1,
7/2/1998 16:00,0,0,0,1,
7/3/1998 16:00,0,0,0,1,
7/4/1998 16:00,0,0,0,1,
7/5/1998 16:00,0,0,0,1,
7/6/1998 16:00,0,0,0,1,
7/7/1998 16:00,0,0,0,1,
7/8/1998 16:00,0,0,0,1,
7/9/1998 16:00,0,0,0,1,
7/10/1998 16:00,0,0,0,1,
7/11/1998 16:00,0,0,0,1,
7/12/1998 16:00,0,0,0,1,
7/13/1998 16:00,0,0,0,1,
7/14/1998 16:00,0,0,0,1,
7/15/1998 16:00,0,0,0,1,
7/16/1998 16:00,0,0,0,1,
7/17/1998 16:00,0,0,0,1,
7/18/1998 16:00,0,0,0,1,
7/19/1998 16:00,0,0,0,1,
7/20/1998 16:00,0,0,0,1,
7/21/1998 16:00,0,0,0,1,
7/22/1998 16:00,0,0,0,1,
7/23/1998 16:00,0,0,0,1,
7/24/1998 16:00,0,0,0,1,
7/25/1998 16:00,0,0,0,1,
7/26/1998 16:00,0,0,0,1,
7/27/1998 16:00,0,0,0,1,
7/28/1998 16:00,0,0,0,1,
7/29/1998 16:00,0,0,0,1,
7/30/1998 16:00,0,0,0,1,
7/31/1998 16:00,0,0,0,1,
8/1/1998 16:00,0,0,0,1,
8/2/1998 16:00,0,0,0,1,
8/3/1998 16:00,0,0,0,1,
8/4/1998 16:00,0,0,0,1,
8/5/1998 16:00,0,0,0,1,
8/6/1998 16:00,0,0,0,1,
8/7/1998 16:00,0,0,0,1,
8/8/1998 16:00,0,0,0,1,
8/9/1998 16:00,0,0,,1,
