Data Set Export - SW.Field Visits@4C14,,,,,
"GRADEDESCRIPTIONS-3=GAP, -2=UNUSABLE, 0=UNDEF, 11=POOR, 21=ESTIMATED, 31=GOOD, 41=VERYGOOD, 51=EXCELLENT, APPROVALDESCRIPTIONS 0=UNDEFINED, 1=WORKING, 2=IN REVIEW, 3=APPROVED",,,,,
Timestamp (UTC-08:00),Value (Millimetres),Grade Code,Approval Level,Interpolation Type,Comment
2/27/1980 12:00,157,0,0,7,
3/27/1980 12:00,298,0,0,7,
4/29/1980 12:00,309,0,0,7,
5/28/1980 12:00,151,0,0,7,
1/28/1981 12:00,280,0,0,7,
2/26/1981 12:00,349,0,0,7,
3/28/1981 12:00,380,0,0,7,
4/28/1981 12:00,480,0,0,7,
5/27/1981 12:00,276,0,0,7,
1/27/1982 12:00,229,0,0,7,
2/24/1982 12:00,289,0,0,7,
3/27/1982 12:00,393,0,0,7,
4/27/1982 12:00,415,0,0,7,
5/27/1982 12:00,385,0,0,7,
1/27/1983 12:00,190,0,0,7,
2/24/1983 12:00,236,0,0,7,
3/27/1983 12:00,272,0,0,7,
4/26/1983 12:00,298,0,0,7,
5/27/1983 12:00,204,0,0,7,
1/27/1984 12:00,230,0,0,7,
2/25/1984 12:00,277,0,0,7,
3/27/1984 12:00,357,0,0,7,
4/26/1984 12:00,384,0,0,7,
5/27/1984 12:00,275,0,0,7,
1/27/1985 12:00,205,0,0,7,
2/26/1985 12:00,283,0,0,7,
3/31/1985 12:00,396,0,0,7,
3/27/1987 12:00,340,0,0,7,
3/27/1988 12:00,327,0,0,7,
3/30/1989 12:00,349,0,0,7,
5/9/1989 12:00,238,0,0,7,
3/29/1990 12:00,533,0,0,7,
5/2/1990 12:00,554,0,0,7,
3/27/1992 12:00,468,0,0,7,
6/4/1992 12:00,301,0,0,7,
2/5/1993 12:00,302,0,0,7,
4/1/1993 12:00,369,0,0,7,
4/27/1994 12:00,404,0,0,7,
