Site,Region,Watershed (sub-basin),Catchment Reference Number,Ecozone,Year,Month,Day,Point,Depth (cm),SWE (cm),Density (g/cm3)
Fort Liard,Dehcho,Lower Liard - Mouth Catchment,10ED,Taiga Plains Liard Upland MB,2017,3,28,1,68,8,0.117647059
Fort Liard,Dehcho,Lower Liard - Mouth Catchment,10ED,Taiga Plains Liard Upland MB,2017,3,28,2,75,11,0.146666667
Fort Liard,Dehcho,Lower Liard - Mouth Catchment,10ED,Taiga Plains Liard Upland MB,2017,3,28,3,55,9,0.163636364
Fort Liard,Dehcho,Lower Liard - Mouth Catchment,10ED,Taiga Plains Liard Upland MB,2017,3,28,4,60,8,0.133333333
Fort Liard,Dehcho,Lower Liard - Mouth Catchment,10ED,Taiga Plains Liard Upland MB,2017,3,28,5,60,7,0.116666667
Fort Liard,Dehcho,Lower Liard - Mouth Catchment,10ED,Taiga Plains Liard Upland MB,2017,3,28,6,63,8,0.126984127
Fort Liard,Dehcho,Lower Liard - Mouth Catchment,10ED,Taiga Plains Liard Upland MB,2017,3,28,7,50,6,0.12
Fort Liard,Dehcho,Lower Liard - Mouth Catchment,10ED,Taiga Plains Liard Upland MB,2017,3,28,8,61,11,0.180327869
Fort Liard,Dehcho,Lower Liard - Mouth Catchment,10ED,Taiga Plains Liard Upland MB,2017,3,28,9,80,12,0.15
Fort Liard,Dehcho,Lower Liard - Mouth Catchment,10ED,Taiga Plains Liard Upland MB,2017,3,28,10,58,9,0.155172414
Fort Liard,Dehcho,Lower Liard - Mouth Catchment,10ED,Taiga Plains Liard Upland MB,2016,3,30,1,25,3,0.12
Fort Liard,Dehcho,Lower Liard - Mouth Catchment,10ED,Taiga Plains Liard Upland MB,2016,3,30,2,16,5,0.313
Fort Liard,Dehcho,Lower Liard - Mouth Catchment,10ED,Taiga Plains Liard Upland MB,2016,3,30,3,32,7,0.219
Fort Liard,Dehcho,Lower Liard - Mouth Catchment,10ED,Taiga Plains Liard Upland MB,2016,3,30,4,23,5,0.217
Fort Liard,Dehcho,Lower Liard - Mouth Catchment,10ED,Taiga Plains Liard Upland MB,2016,3,30,5,8,1,0.125
Fort Liard,Dehcho,Lower Liard - Mouth Catchment,10ED,Taiga Plains Liard Upland MB,2016,3,30,6,13,1,0.077
Fort Liard,Dehcho,Lower Liard - Mouth Catchment,10ED,Taiga Plains Liard Upland MB,2016,3,30,7,15,4,0.267
Fort Liard,Dehcho,Lower Liard - Mouth Catchment,10ED,Taiga Plains Liard Upland MB,2016,3,30,8,20,5,0.25
Fort Liard,Dehcho,Lower Liard - Mouth Catchment,10ED,Taiga Plains Liard Upland MB,2016,3,30,9,26,6,0.231
Fort Liard,Dehcho,Lower Liard - Mouth Catchment,10ED,Taiga Plains Liard Upland MB,2016,3,30,10,31,11,0.355
Fort Liard,Dehcho,Lower Liard - Mouth Catchment,10ED,Taiga Plains Liard Upland MB,2015,4,1,1,45,10,0.222222222
Fort Liard,Dehcho,Lower Liard - Mouth Catchment,10ED,Taiga Plains Liard Upland MB,2015,4,1,2,44,10,0.227272727
Fort Liard,Dehcho,Lower Liard - Mouth Catchment,10ED,Taiga Plains Liard Upland MB,2015,4,1,3,45,10,0.222222222
Fort Liard,Dehcho,Lower Liard - Mouth Catchment,10ED,Taiga Plains Liard Upland MB,2015,4,1,4,42,9,0.214285714
Fort Liard,Dehcho,Lower Liard - Mouth Catchment,10ED,Taiga Plains Liard Upland MB,2015,4,1,5,58,13,0.224137931
Fort Liard,Dehcho,Lower Liard - Mouth Catchment,10ED,Taiga Plains Liard Upland MB,2015,4,1,6,46,8,0.173913043
Fort Liard,Dehcho,Lower Liard - Mouth Catchment,10ED,Taiga Plains Liard Upland MB,2015,4,1,7,47,9,0.191489362
Fort Liard,Dehcho,Lower Liard - Mouth Catchment,10ED,Taiga Plains Liard Upland MB,2015,4,1,8,60,11,0.183333333
Fort Liard,Dehcho,Lower Liard - Mouth Catchment,10ED,Taiga Plains Liard Upland MB,2015,4,1,9,53,11,0.20754717
Fort Liard,Dehcho,Lower Liard - Mouth Catchment,10ED,Taiga Plains Liard Upland MB,2015,4,1,10,50,12,0.24
Fort Liard,Dehcho,Lower Liard - Mouth Catchment,10ED,Taiga Plains Liard Upland MB,2013,3,25,1,89,8,0.08988764
Fort Liard,Dehcho,Lower Liard - Mouth Catchment,10ED,Taiga Plains Liard Upland MB,2013,3,25,2,93,5,0.053763441
Fort Liard,Dehcho,Lower Liard - Mouth Catchment,10ED,Taiga Plains Liard Upland MB,2013,3,25,3,89,6.5,0.073033708
Fort Liard,Dehcho,Lower Liard - Mouth Catchment,10ED,Taiga Plains Liard Upland MB,2013,3,25,4,84,7.5,0.089285714
Fort Liard,Dehcho,Lower Liard - Mouth Catchment,10ED,Taiga Plains Liard Upland MB,2013,3,25,5,90,8,0.088888889
Fort Liard,Dehcho,Lower Liard - Mouth Catchment,10ED,Taiga Plains Liard Upland MB,2013,3,25,6,93,9,0.096774194
Fort Liard,Dehcho,Lower Liard - Mouth Catchment,10ED,Taiga Plains Liard Upland MB,2013,3,25,7,83,7.5,0.090361446
Fort Liard,Dehcho,Lower Liard - Mouth Catchment,10ED,Taiga Plains Liard Upland MB,2013,3,25,8,81,7.5,0.092592593
Fort Liard,Dehcho,Lower Liard - Mouth Catchment,10ED,Taiga Plains Liard Upland MB,2013,3,25,9,82,6,0.073170732
Fort Liard,Dehcho,Lower Liard - Mouth Catchment,10ED,Taiga Plains Liard Upland MB,2013,3,25,10,92,7,0.076086957
Fort Liard,Dehcho,Lower Liard - Mouth Catchment,10ED,Taiga Plains Liard Upland MB,1998,3,20,1,44,9.4,0.21
Fort Liard,Dehcho,Lower Liard - Mouth Catchment,10ED,Taiga Plains Liard Upland MB,1998,3,20,2,61,12.7,0.21
Fort Liard,Dehcho,Lower Liard - Mouth Catchment,10ED,Taiga Plains Liard Upland MB,1998,3,20,3,74,19.3,0.26
Fort Liard,Dehcho,Lower Liard - Mouth Catchment,10ED,Taiga Plains Liard Upland MB,1998,3,20,4,57,12.2,0.21
Fort Liard,Dehcho,Lower Liard - Mouth Catchment,10ED,Taiga Plains Liard Upland MB,1998,3,20,5,52,12.7,0.24
Fort Liard,Dehcho,Lower Liard - Mouth Catchment,10ED,Taiga Plains Liard Upland MB,1998,3,20,6,53,10.4,0.2
Fort Liard,Dehcho,Lower Liard - Mouth Catchment,10ED,Taiga Plains Liard Upland MB,1998,3,20,7,69,14.7,0.21
Fort Liard,Dehcho,Lower Liard - Mouth Catchment,10ED,Taiga Plains Liard Upland MB,1998,3,20,8,79,13,0.16
Fort Liard,Dehcho,Lower Liard - Mouth Catchment,10ED,Taiga Plains Liard Upland MB,1998,3,20,9,72,12.2,0.17
Fort Liard,Dehcho,Lower Liard - Mouth Catchment,10ED,Taiga Plains Liard Upland MB,1998,3,20,10,74,16.8,0.23
Fort Liard,Dehcho,Lower Liard - Mouth Catchment,10ED,Taiga Plains Liard Upland MB,1996,4,19,1,56,15.5,0.28
Fort Liard,Dehcho,Lower Liard - Mouth Catchment,10ED,Taiga Plains Liard Upland MB,1996,4,19,2,53,13,0.24
Fort Liard,Dehcho,Lower Liard - Mouth Catchment,10ED,Taiga Plains Liard Upland MB,1996,4,19,3,71,15.5,0.22
Fort Liard,Dehcho,Lower Liard - Mouth Catchment,10ED,Taiga Plains Liard Upland MB,1996,4,19,4,53,12.7,0.24
Fort Liard,Dehcho,Lower Liard - Mouth Catchment,10ED,Taiga Plains Liard Upland MB,1996,4,19,5,51,11.2,0.22
Fort Liard,Dehcho,Lower Liard - Mouth Catchment,10ED,Taiga Plains Liard Upland MB,1996,4,19,6,62,17.3,0.28
Fort Liard,Dehcho,Lower Liard - Mouth Catchment,10ED,Taiga Plains Liard Upland MB,1996,4,19,7,74,17,0.23
Fort Liard,Dehcho,Lower Liard - Mouth Catchment,10ED,Taiga Plains Liard Upland MB,1996,4,19,8,89,21.6,0.24
Fort Liard,Dehcho,Lower Liard - Mouth Catchment,10ED,Taiga Plains Liard Upland MB,1996,4,19,9,69,16,0.23
Fort Liard,Dehcho,Lower Liard - Mouth Catchment,10ED,Taiga Plains Liard Upland MB,1996,4,19,10,86,21.1,0.24
Fort Liard,Dehcho,Lower Liard - Mouth Catchment,10ED,Taiga Plains Liard Upland MB,1996,2,28,1,69,8.9,0.13
Fort Liard,Dehcho,Lower Liard - Mouth Catchment,10ED,Taiga Plains Liard Upland MB,1996,2,28,2,81,12.2,0.15
Fort Liard,Dehcho,Lower Liard - Mouth Catchment,10ED,Taiga Plains Liard Upland MB,1996,2,28,3,84,18.3,0.22
Fort Liard,Dehcho,Lower Liard - Mouth Catchment,10ED,Taiga Plains Liard Upland MB,1996,2,28,4,70,13.7,0.2
Fort Liard,Dehcho,Lower Liard - Mouth Catchment,10ED,Taiga Plains Liard Upland MB,1996,2,28,5,79,14.2,0.18
Fort Liard,Dehcho,Lower Liard - Mouth Catchment,10ED,Taiga Plains Liard Upland MB,1996,2,28,6,76,15.2,0.2
Fort Liard,Dehcho,Lower Liard - Mouth Catchment,10ED,Taiga Plains Liard Upland MB,1996,2,28,7,79,14.2,0.18
Fort Liard,Dehcho,Lower Liard - Mouth Catchment,10ED,Taiga Plains Liard Upland MB,1996,2,28,8,81,14.7,0.18
Fort Liard,Dehcho,Lower Liard - Mouth Catchment,10ED,Taiga Plains Liard Upland MB,1996,2,28,9,74,13.2,0.18
Fort Liard,Dehcho,Lower Liard - Mouth Catchment,10ED,Taiga Plains Liard Upland MB,1996,2,28,10,84,14.7,0.18
Fort Liard,Dehcho,Lower Liard - Mouth Catchment,10ED,Taiga Plains Liard Upland MB,1995,12,12,1,37,5.8,0.16
Fort Liard,Dehcho,Lower Liard - Mouth Catchment,10ED,Taiga Plains Liard Upland MB,1995,12,12,2,36,5.6,0.16
Fort Liard,Dehcho,Lower Liard - Mouth Catchment,10ED,Taiga Plains Liard Upland MB,1995,12,12,3,46,6.9,0.15
Fort Liard,Dehcho,Lower Liard - Mouth Catchment,10ED,Taiga Plains Liard Upland MB,1995,12,12,4,41,6.9,0.17
Fort Liard,Dehcho,Lower Liard - Mouth Catchment,10ED,Taiga Plains Liard Upland MB,1995,12,12,5,36,5.8,0.16
Fort Liard,Dehcho,Lower Liard - Mouth Catchment,10ED,Taiga Plains Liard Upland MB,1995,12,12,6,41,5.6,0.14
Fort Liard,Dehcho,Lower Liard - Mouth Catchment,10ED,Taiga Plains Liard Upland MB,1995,12,12,7,43,6.1,0.14
Fort Liard,Dehcho,Lower Liard - Mouth Catchment,10ED,Taiga Plains Liard Upland MB,1995,12,12,8,46,7.4,0.16
Fort Liard,Dehcho,Lower Liard - Mouth Catchment,10ED,Taiga Plains Liard Upland MB,1995,12,12,9,44,7.1,0.16
Fort Liard,Dehcho,Lower Liard - Mouth Catchment,10ED,Taiga Plains Liard Upland MB,1995,12,12,10,51,8.9,0.18
Fort Liard,Dehcho,Lower Liard - Mouth Catchment,10ED,Taiga Plains Liard Upland MB,1995,11,23,1,33,3.8,0.12
Fort Liard,Dehcho,Lower Liard - Mouth Catchment,10ED,Taiga Plains Liard Upland MB,1995,11,23,2,29,3.8,0.13
Fort Liard,Dehcho,Lower Liard - Mouth Catchment,10ED,Taiga Plains Liard Upland MB,1995,11,23,3,41,5.6,0.14
Fort Liard,Dehcho,Lower Liard - Mouth Catchment,10ED,Taiga Plains Liard Upland MB,1995,11,23,4,28,2.5,0.09
Fort Liard,Dehcho,Lower Liard - Mouth Catchment,10ED,Taiga Plains Liard Upland MB,1995,11,23,5,28,3,0.11
Fort Liard,Dehcho,Lower Liard - Mouth Catchment,10ED,Taiga Plains Liard Upland MB,1995,11,23,6,30,3.6,0.12
Fort Liard,Dehcho,Lower Liard - Mouth Catchment,10ED,Taiga Plains Liard Upland MB,1995,11,23,7,33,4.6,0.14
Fort Liard,Dehcho,Lower Liard - Mouth Catchment,10ED,Taiga Plains Liard Upland MB,1995,11,23,8,38,5.1,0.13
Fort Liard,Dehcho,Lower Liard - Mouth Catchment,10ED,Taiga Plains Liard Upland MB,1995,11,23,9,36,4.8,0.14
Fort Liard,Dehcho,Lower Liard - Mouth Catchment,10ED,Taiga Plains Liard Upland MB,1995,11,23,10,33,4.6,0.14
Fort Liard,Dehcho,Lower Liard - Mouth Catchment,10ED,Taiga Plains Liard Upland MB,1995,4,12,1,46,11.7,0.26
Fort Liard,Dehcho,Lower Liard - Mouth Catchment,10ED,Taiga Plains Liard Upland MB,1995,4,12,2,51,11.2,0.22
Fort Liard,Dehcho,Lower Liard - Mouth Catchment,10ED,Taiga Plains Liard Upland MB,1995,4,12,3,51,11.4,0.23
Fort Liard,Dehcho,Lower Liard - Mouth Catchment,10ED,Taiga Plains Liard Upland MB,1995,4,12,4,51,11.4,0.23
Fort Liard,Dehcho,Lower Liard - Mouth Catchment,10ED,Taiga Plains Liard Upland MB,1995,4,12,5,52,11.2,0.21
Fort Liard,Dehcho,Lower Liard - Mouth Catchment,10ED,Taiga Plains Liard Upland MB,1995,4,12,6,53,11.9,0.22
Fort Liard,Dehcho,Lower Liard - Mouth Catchment,10ED,Taiga Plains Liard Upland MB,1995,4,12,7,66,16.3,0.25
Fort Liard,Dehcho,Lower Liard - Mouth Catchment,10ED,Taiga Plains Liard Upland MB,1995,4,12,8,71,16.3,0.23
Fort Liard,Dehcho,Lower Liard - Mouth Catchment,10ED,Taiga Plains Liard Upland MB,1995,4,12,9,63,12.2,0.19
Fort Liard,Dehcho,Lower Liard - Mouth Catchment,10ED,Taiga Plains Liard Upland MB,1995,4,12,10,58,14,0.24
Fort Liard,Dehcho,Lower Liard - Mouth Catchment,10ED,Taiga Plains Liard Upland MB,1995,3,29,1,56,11.4,0.2
Fort Liard,Dehcho,Lower Liard - Mouth Catchment,10ED,Taiga Plains Liard Upland MB,1995,3,29,2,53,10.2,0.19
Fort Liard,Dehcho,Lower Liard - Mouth Catchment,10ED,Taiga Plains Liard Upland MB,1995,3,29,3,63,12.4,0.2
Fort Liard,Dehcho,Lower Liard - Mouth Catchment,10ED,Taiga Plains Liard Upland MB,1995,3,29,4,51,10.7,0.21
Fort Liard,Dehcho,Lower Liard - Mouth Catchment,10ED,Taiga Plains Liard Upland MB,1995,3,29,5,58,10.7,0.18
Fort Liard,Dehcho,Lower Liard - Mouth Catchment,10ED,Taiga Plains Liard Upland MB,1995,3,29,6,58,10.2,0.17
Fort Liard,Dehcho,Lower Liard - Mouth Catchment,10ED,Taiga Plains Liard Upland MB,1995,3,29,7,74,15.2,0.21
Fort Liard,Dehcho,Lower Liard - Mouth Catchment,10ED,Taiga Plains Liard Upland MB,1995,3,29,8,69,15,0.22
Fort Liard,Dehcho,Lower Liard - Mouth Catchment,10ED,Taiga Plains Liard Upland MB,1995,3,29,9,66,12.4,0.19
Fort Liard,Dehcho,Lower Liard - Mouth Catchment,10ED,Taiga Plains Liard Upland MB,1995,3,29,10,63,13.2,0.21
Fort Liard,Dehcho,Lower Liard - Mouth Catchment,10ED,Taiga Plains Liard Upland MB,1995,2,20,1,48,8.1,0.17
Fort Liard,Dehcho,Lower Liard - Mouth Catchment,10ED,Taiga Plains Liard Upland MB,1995,2,20,2,51,8.9,0.18
Fort Liard,Dehcho,Lower Liard - Mouth Catchment,10ED,Taiga Plains Liard Upland MB,1995,2,20,3,43,7.9,0.18
Fort Liard,Dehcho,Lower Liard - Mouth Catchment,10ED,Taiga Plains Liard Upland MB,1995,2,20,4,46,7.9,0.17
Fort Liard,Dehcho,Lower Liard - Mouth Catchment,10ED,Taiga Plains Liard Upland MB,1995,2,20,5,46,5.6,0.12
Fort Liard,Dehcho,Lower Liard - Mouth Catchment,10ED,Taiga Plains Liard Upland MB,1995,2,20,6,48,7.4,0.15
Fort Liard,Dehcho,Lower Liard - Mouth Catchment,10ED,Taiga Plains Liard Upland MB,1995,2,20,7,56,5.6,0.1
Fort Liard,Dehcho,Lower Liard - Mouth Catchment,10ED,Taiga Plains Liard Upland MB,1995,2,20,8,56,10.4,0.19
Fort Liard,Dehcho,Lower Liard - Mouth Catchment,10ED,Taiga Plains Liard Upland MB,1995,2,20,9,56,10.4,0.19
Fort Liard,Dehcho,Lower Liard - Mouth Catchment,10ED,Taiga Plains Liard Upland MB,1995,2,20,10,56,9.1,0.16
Fort Liard,Dehcho,Lower Liard - Mouth Catchment,10ED,Taiga Plains Liard Upland MB,1995,1,23,1,36,6.6,0.19
Fort Liard,Dehcho,Lower Liard - Mouth Catchment,10ED,Taiga Plains Liard Upland MB,1995,1,23,2,36,6.6,0.19
Fort Liard,Dehcho,Lower Liard - Mouth Catchment,10ED,Taiga Plains Liard Upland MB,1995,1,23,3,43,7.1,0.16
Fort Liard,Dehcho,Lower Liard - Mouth Catchment,10ED,Taiga Plains Liard Upland MB,1995,1,23,4,41,8.6,0.21
Fort Liard,Dehcho,Lower Liard - Mouth Catchment,10ED,Taiga Plains Liard Upland MB,1995,1,23,5,43,8.4,0.19
Fort Liard,Dehcho,Lower Liard - Mouth Catchment,10ED,Taiga Plains Liard Upland MB,1995,1,23,6,38,7.9,0.21
Fort Liard,Dehcho,Lower Liard - Mouth Catchment,10ED,Taiga Plains Liard Upland MB,1995,1,23,7,46,9.4,0.21
Fort Liard,Dehcho,Lower Liard - Mouth Catchment,10ED,Taiga Plains Liard Upland MB,1995,1,23,8,48,9.7,0.2
Fort Liard,Dehcho,Lower Liard - Mouth Catchment,10ED,Taiga Plains Liard Upland MB,1995,1,23,9,43,8.1,0.19
Fort Liard,Dehcho,Lower Liard - Mouth Catchment,10ED,Taiga Plains Liard Upland MB,1995,1,23,10,43,8.4,0.19
Fort Liard,Dehcho,Lower Liard - Mouth Catchment,10ED,Taiga Plains Liard Upland MB,1994,11,25,1,28,3,0.11
Fort Liard,Dehcho,Lower Liard - Mouth Catchment,10ED,Taiga Plains Liard Upland MB,1994,11,25,2,30,2.8,0.09
Fort Liard,Dehcho,Lower Liard - Mouth Catchment,10ED,Taiga Plains Liard Upland MB,1994,11,25,3,25,2,0.08
Fort Liard,Dehcho,Lower Liard - Mouth Catchment,10ED,Taiga Plains Liard Upland MB,1994,11,25,4,28,3,0.11
Fort Liard,Dehcho,Lower Liard - Mouth Catchment,10ED,Taiga Plains Liard Upland MB,1994,11,25,5,28,3,0.11
Fort Liard,Dehcho,Lower Liard - Mouth Catchment,10ED,Taiga Plains Liard Upland MB,1994,11,25,6,30,2.8,0.09
Fort Liard,Dehcho,Lower Liard - Mouth Catchment,10ED,Taiga Plains Liard Upland MB,1994,11,25,7,36,3.8,0.11
Fort Liard,Dehcho,Lower Liard - Mouth Catchment,10ED,Taiga Plains Liard Upland MB,1994,11,25,8,32,4.6,0.14
Fort Liard,Dehcho,Lower Liard - Mouth Catchment,10ED,Taiga Plains Liard Upland MB,1994,11,25,9,30,3.6,0.12
Fort Liard,Dehcho,Lower Liard - Mouth Catchment,10ED,Taiga Plains Liard Upland MB,1994,11,25,10,33,4.1,0.12
Fort Liard,Dehcho,Lower Liard - Mouth Catchment,10ED,Taiga Plains Liard Upland MB,1994,3,15,1,30,7.1,0.23
Fort Liard,Dehcho,Lower Liard - Mouth Catchment,10ED,Taiga Plains Liard Upland MB,1994,3,15,2,44,11.4,0.26
Fort Liard,Dehcho,Lower Liard - Mouth Catchment,10ED,Taiga Plains Liard Upland MB,1994,3,15,3,58,13.2,0.23
Fort Liard,Dehcho,Lower Liard - Mouth Catchment,10ED,Taiga Plains Liard Upland MB,1994,3,15,4,41,11.7,0.29
Fort Liard,Dehcho,Lower Liard - Mouth Catchment,10ED,Taiga Plains Liard Upland MB,1994,3,15,5,53,9.1,0.17
Fort Liard,Dehcho,Lower Liard - Mouth Catchment,10ED,Taiga Plains Liard Upland MB,1994,3,15,6,43,9.1,0.21
Fort Liard,Dehcho,Lower Liard - Mouth Catchment,10ED,Taiga Plains Liard Upland MB,1994,3,15,7,56,10.7,0.19
Fort Liard,Dehcho,Lower Liard - Mouth Catchment,10ED,Taiga Plains Liard Upland MB,1994,3,15,8,61,11.7,0.19
Fort Liard,Dehcho,Lower Liard - Mouth Catchment,10ED,Taiga Plains Liard Upland MB,1994,3,15,9,58,10.2,0.17
Fort Liard,Dehcho,Lower Liard - Mouth Catchment,10ED,Taiga Plains Liard Upland MB,1994,3,15,10,56,10.4,0.19
Fort Liard,Dehcho,Lower Liard - Mouth Catchment,10ED,Taiga Plains Liard Upland MB,1994,2,25,1,50,7.6,0.15
Fort Liard,Dehcho,Lower Liard - Mouth Catchment,10ED,Taiga Plains Liard Upland MB,1994,2,25,2,61,9.5,0.16
Fort Liard,Dehcho,Lower Liard - Mouth Catchment,10ED,Taiga Plains Liard Upland MB,1994,2,25,3,67,12.2,0.18
Fort Liard,Dehcho,Lower Liard - Mouth Catchment,10ED,Taiga Plains Liard Upland MB,1994,2,25,4,58,6.1,0.1
Fort Liard,Dehcho,Lower Liard - Mouth Catchment,10ED,Taiga Plains Liard Upland MB,1994,2,25,5,65,8.3,0.13
Fort Liard,Dehcho,Lower Liard - Mouth Catchment,10ED,Taiga Plains Liard Upland MB,1994,2,25,6,53,6.1,0.11
Fort Liard,Dehcho,Lower Liard - Mouth Catchment,10ED,Taiga Plains Liard Upland MB,1994,2,25,7,58,10.2,0.17
Fort Liard,Dehcho,Lower Liard - Mouth Catchment,10ED,Taiga Plains Liard Upland MB,1994,2,25,8,61,9.4,0.15
Fort Liard,Dehcho,Lower Liard - Mouth Catchment,10ED,Taiga Plains Liard Upland MB,1994,2,25,9,66,9.9,0.15
Fort Liard,Dehcho,Lower Liard - Mouth Catchment,10ED,Taiga Plains Liard Upland MB,1994,2,25,10,63,8.1,0.13
Fort Liard,Dehcho,Lower Liard - Mouth Catchment,10ED,Taiga Plains Liard Upland MB,1994,1,21,1,46,6.3,0.14
Fort Liard,Dehcho,Lower Liard - Mouth Catchment,10ED,Taiga Plains Liard Upland MB,1994,1,21,2,51,7.6,0.15
Fort Liard,Dehcho,Lower Liard - Mouth Catchment,10ED,Taiga Plains Liard Upland MB,1994,1,21,3,58,8.3,0.14
Fort Liard,Dehcho,Lower Liard - Mouth Catchment,10ED,Taiga Plains Liard Upland MB,1994,1,21,4,56,7.4,0.13
Fort Liard,Dehcho,Lower Liard - Mouth Catchment,10ED,Taiga Plains Liard Upland MB,1994,1,21,5,56,7.9,0.14
Fort Liard,Dehcho,Lower Liard - Mouth Catchment,10ED,Taiga Plains Liard Upland MB,1994,1,21,6,36,5.1,0.14
Fort Liard,Dehcho,Lower Liard - Mouth Catchment,10ED,Taiga Plains Liard Upland MB,1994,1,21,7,69,9.5,0.14
Fort Liard,Dehcho,Lower Liard - Mouth Catchment,10ED,Taiga Plains Liard Upland MB,1994,1,21,8,58,9.7,0.17
Fort Liard,Dehcho,Lower Liard - Mouth Catchment,10ED,Taiga Plains Liard Upland MB,1994,1,21,9,66,8.9,0.13
Fort Liard,Dehcho,Lower Liard - Mouth Catchment,10ED,Taiga Plains Liard Upland MB,1994,1,21,10,66,10.7,0.16
Fort Liard,Dehcho,Lower Liard - Mouth Catchment,10ED,Taiga Plains Liard Upland MB,1993,1,18,1,36,5.7,0.16
Fort Liard,Dehcho,Lower Liard - Mouth Catchment,10ED,Taiga Plains Liard Upland MB,1993,1,18,2,36,4.4,0.13
Fort Liard,Dehcho,Lower Liard - Mouth Catchment,10ED,Taiga Plains Liard Upland MB,1993,1,18,3,41,7.6,0.19
Fort Liard,Dehcho,Lower Liard - Mouth Catchment,10ED,Taiga Plains Liard Upland MB,1993,1,18,4,36,4.4,0.13
Fort Liard,Dehcho,Lower Liard - Mouth Catchment,10ED,Taiga Plains Liard Upland MB,1993,1,18,5,30,5.7,0.19
Fort Liard,Dehcho,Lower Liard - Mouth Catchment,10ED,Taiga Plains Liard Upland MB,1993,1,18,6,38,5.7,0.15
Fort Liard,Dehcho,Lower Liard - Mouth Catchment,10ED,Taiga Plains Liard Upland MB,1993,1,18,7,38,6.3,0.17
Fort Liard,Dehcho,Lower Liard - Mouth Catchment,10ED,Taiga Plains Liard Upland MB,1993,1,18,8,41,4.4,0.11
Fort Liard,Dehcho,Lower Liard - Mouth Catchment,10ED,Taiga Plains Liard Upland MB,1993,1,18,9,43,5.7,0.13
Fort Liard,Dehcho,Lower Liard - Mouth Catchment,10ED,Taiga Plains Liard Upland MB,1993,1,18,10,41,5.7,0.14
Fort Liard,Dehcho,Lower Liard - Mouth Catchment,10ED,Taiga Plains Liard Upland MB,1993,3,30,1,30,8.3,0.27
Fort Liard,Dehcho,Lower Liard - Mouth Catchment,10ED,Taiga Plains Liard Upland MB,1993,3,30,2,41,8.9,0.22
Fort Liard,Dehcho,Lower Liard - Mouth Catchment,10ED,Taiga Plains Liard Upland MB,1993,3,30,3,41,8.3,0.2
Fort Liard,Dehcho,Lower Liard - Mouth Catchment,10ED,Taiga Plains Liard Upland MB,1993,3,30,4,30,5.7,0.19
Fort Liard,Dehcho,Lower Liard - Mouth Catchment,10ED,Taiga Plains Liard Upland MB,1993,3,30,5,41,8.9,0.22
Fort Liard,Dehcho,Lower Liard - Mouth Catchment,10ED,Taiga Plains Liard Upland MB,1993,3,30,6,43,9.5,0.22
Fort Liard,Dehcho,Lower Liard - Mouth Catchment,10ED,Taiga Plains Liard Upland MB,1993,3,30,7,51,12.7,0.25
Fort Liard,Dehcho,Lower Liard - Mouth Catchment,10ED,Taiga Plains Liard Upland MB,1993,3,30,8,51,12.7,0.25
Fort Liard,Dehcho,Lower Liard - Mouth Catchment,10ED,Taiga Plains Liard Upland MB,1993,3,30,9,48,12.1,0.25
Fort Liard,Dehcho,Lower Liard - Mouth Catchment,10ED,Taiga Plains Liard Upland MB,1993,3,30,10,46,11.4,0.25
Fort Liard,Dehcho,Lower Liard - Mouth Catchment,10ED,Taiga Plains Liard Upland MB,1991,1,9,1,65,3.8,0.06
Fort Liard,Dehcho,Lower Liard - Mouth Catchment,10ED,Taiga Plains Liard Upland MB,1991,1,9,2,50,2,0.04
Fort Liard,Dehcho,Lower Liard - Mouth Catchment,10ED,Taiga Plains Liard Upland MB,1991,1,9,3,75,0.6,0.01
Fort Liard,Dehcho,Lower Liard - Mouth Catchment,10ED,Taiga Plains Liard Upland MB,1991,1,9,4,71,7.6,0.11
Fort Liard,Dehcho,Lower Liard - Mouth Catchment,10ED,Taiga Plains Liard Upland MB,1991,1,9,5,71,6.3,0.09
Fort Liard,Dehcho,Lower Liard - Mouth Catchment,10ED,Taiga Plains Liard Upland MB,1991,1,9,6,76,7.6,0.1
Fort Liard,Dehcho,Lower Liard - Mouth Catchment,10ED,Taiga Plains Liard Upland MB,1991,1,9,7,70,5.1,0.07
Fort Liard,Dehcho,Lower Liard - Mouth Catchment,10ED,Taiga Plains Liard Upland MB,1991,1,9,8,85,11.4,0.13
Fort Liard,Dehcho,Lower Liard - Mouth Catchment,10ED,Taiga Plains Liard Upland MB,1991,1,9,9,72,6.3,0.09
Fort Liard,Dehcho,Lower Liard - Mouth Catchment,10ED,Taiga Plains Liard Upland MB,1991,1,9,10,79,5.1,0.06
Fort Liard,Dehcho,Lower Liard - Mouth Catchment,10ED,Taiga Plains Liard Upland MB,1990,4,5,1,43,12.7,0.29
Fort Liard,Dehcho,Lower Liard - Mouth Catchment,10ED,Taiga Plains Liard Upland MB,1990,4,5,2,50,11.4,0.23
Fort Liard,Dehcho,Lower Liard - Mouth Catchment,10ED,Taiga Plains Liard Upland MB,1990,4,5,3,60,15.9,0.27
Fort Liard,Dehcho,Lower Liard - Mouth Catchment,10ED,Taiga Plains Liard Upland MB,1990,4,5,4,48,8.9,0.18
Fort Liard,Dehcho,Lower Liard - Mouth Catchment,10ED,Taiga Plains Liard Upland MB,1990,4,5,5,48,10.2,0.21
Fort Liard,Dehcho,Lower Liard - Mouth Catchment,10ED,Taiga Plains Liard Upland MB,1990,4,5,6,56,12.1,0.22
Fort Liard,Dehcho,Lower Liard - Mouth Catchment,10ED,Taiga Plains Liard Upland MB,1990,4,5,7,50,10.8,0.22
Fort Liard,Dehcho,Lower Liard - Mouth Catchment,10ED,Taiga Plains Liard Upland MB,1990,4,5,8,69,15.9,0.23
Fort Liard,Dehcho,Lower Liard - Mouth Catchment,10ED,Taiga Plains Liard Upland MB,1990,4,5,9,63,16.5,0.26
Fort Liard,Dehcho,Lower Liard - Mouth Catchment,10ED,Taiga Plains Liard Upland MB,1990,4,5,10,67,15.2,0.23
Fort Liard,Dehcho,Lower Liard - Mouth Catchment,10ED,Taiga Plains Liard Upland MB,1990,3,15,1,61,13.3,0.22
Fort Liard,Dehcho,Lower Liard - Mouth Catchment,10ED,Taiga Plains Liard Upland MB,1990,3,15,2,63,13.3,0.21
Fort Liard,Dehcho,Lower Liard - Mouth Catchment,10ED,Taiga Plains Liard Upland MB,1990,3,15,3,79,18.4,0.23
Fort Liard,Dehcho,Lower Liard - Mouth Catchment,10ED,Taiga Plains Liard Upland MB,1990,3,15,4,62,11.4,0.18
Fort Liard,Dehcho,Lower Liard - Mouth Catchment,10ED,Taiga Plains Liard Upland MB,1990,3,15,5,74,10.8,0.15
Fort Liard,Dehcho,Lower Liard - Mouth Catchment,10ED,Taiga Plains Liard Upland MB,1990,3,15,6,79,14,0.18
Fort Liard,Dehcho,Lower Liard - Mouth Catchment,10ED,Taiga Plains Liard Upland MB,1990,3,15,7,81,16.5,0.2
Fort Liard,Dehcho,Lower Liard - Mouth Catchment,10ED,Taiga Plains Liard Upland MB,1990,3,15,8,86,18.4,0.21
Fort Liard,Dehcho,Lower Liard - Mouth Catchment,10ED,Taiga Plains Liard Upland MB,1990,3,15,9,79,17.8,0.23
Fort Liard,Dehcho,Lower Liard - Mouth Catchment,10ED,Taiga Plains Liard Upland MB,1990,3,15,10,75,15.9,0.21
Fort Liard,Dehcho,Lower Liard - Mouth Catchment,10ED,Taiga Plains Liard Upland MB,1990,1,22,1,53,8.9,0.17
Fort Liard,Dehcho,Lower Liard - Mouth Catchment,10ED,Taiga Plains Liard Upland MB,1990,1,22,2,65,13.3,0.21
Fort Liard,Dehcho,Lower Liard - Mouth Catchment,10ED,Taiga Plains Liard Upland MB,1990,1,22,3,72,15.9,0.22
Fort Liard,Dehcho,Lower Liard - Mouth Catchment,10ED,Taiga Plains Liard Upland MB,1990,1,22,4,63,10.8,0.17
Fort Liard,Dehcho,Lower Liard - Mouth Catchment,10ED,Taiga Plains Liard Upland MB,1990,1,22,5,67,12.7,0.19
Fort Liard,Dehcho,Lower Liard - Mouth Catchment,10ED,Taiga Plains Liard Upland MB,1990,1,22,6,66,11.4,0.17
Fort Liard,Dehcho,Lower Liard - Mouth Catchment,10ED,Taiga Plains Liard Upland MB,1990,1,22,7,81,17.1,0.21
Fort Liard,Dehcho,Lower Liard - Mouth Catchment,10ED,Taiga Plains Liard Upland MB,1990,1,22,8,74,14.6,0.2
Fort Liard,Dehcho,Lower Liard - Mouth Catchment,10ED,Taiga Plains Liard Upland MB,1990,1,22,9,70,14,0.2
Fort Liard,Dehcho,Lower Liard - Mouth Catchment,10ED,Taiga Plains Liard Upland MB,1990,1,22,10,74,15.9,0.22
Fort Liard,Dehcho,Lower Liard - Mouth Catchment,10ED,Taiga Plains Liard Upland MB,1988,12,13,1,51,9.5,0.19
Fort Liard,Dehcho,Lower Liard - Mouth Catchment,10ED,Taiga Plains Liard Upland MB,1988,12,13,2,50,8.9,0.18
Fort Liard,Dehcho,Lower Liard - Mouth Catchment,10ED,Taiga Plains Liard Upland MB,1988,12,13,3,61,12.7,0.21
Fort Liard,Dehcho,Lower Liard - Mouth Catchment,10ED,Taiga Plains Liard Upland MB,1988,12,13,4,52,9.5,0.18
Fort Liard,Dehcho,Lower Liard - Mouth Catchment,10ED,Taiga Plains Liard Upland MB,1988,12,13,5,56,11.4,0.2
Fort Liard,Dehcho,Lower Liard - Mouth Catchment,10ED,Taiga Plains Liard Upland MB,1988,12,13,6,58,12.1,0.21
Fort Liard,Dehcho,Lower Liard - Mouth Catchment,10ED,Taiga Plains Liard Upland MB,1988,12,13,7,66,14,0.21
Fort Liard,Dehcho,Lower Liard - Mouth Catchment,10ED,Taiga Plains Liard Upland MB,1988,12,13,8,53,10.8,0.2
Fort Liard,Dehcho,Lower Liard - Mouth Catchment,10ED,Taiga Plains Liard Upland MB,1988,12,13,9,57,10.2,0.18
Fort Liard,Dehcho,Lower Liard - Mouth Catchment,10ED,Taiga Plains Liard Upland MB,1988,12,13,10,61,11.4,0.19
Fort Liard,Dehcho,Lower Liard - Mouth Catchment,10ED,Taiga Plains Liard Upland MB,1988,11,1,1,,,
Fort Liard,Dehcho,Lower Liard - Mouth Catchment,10ED,Taiga Plains Liard Upland MB,1988,11,1,2,,,
Fort Liard,Dehcho,Lower Liard - Mouth Catchment,10ED,Taiga Plains Liard Upland MB,1988,11,1,3,,,
Fort Liard,Dehcho,Lower Liard - Mouth Catchment,10ED,Taiga Plains Liard Upland MB,1988,11,1,4,,,
Fort Liard,Dehcho,Lower Liard - Mouth Catchment,10ED,Taiga Plains Liard Upland MB,1988,11,1,5,,,
Fort Liard,Dehcho,Lower Liard - Mouth Catchment,10ED,Taiga Plains Liard Upland MB,1988,11,1,6,,,
Fort Liard,Dehcho,Lower Liard - Mouth Catchment,10ED,Taiga Plains Liard Upland MB,1988,11,1,7,,,
Fort Liard,Dehcho,Lower Liard - Mouth Catchment,10ED,Taiga Plains Liard Upland MB,1988,11,1,8,,,
Fort Liard,Dehcho,Lower Liard - Mouth Catchment,10ED,Taiga Plains Liard Upland MB,1988,11,1,9,,,
Fort Liard,Dehcho,Lower Liard - Mouth Catchment,10ED,Taiga Plains Liard Upland MB,1988,11,1,10,,,
Fort Liard,Dehcho,Lower Liard - Mouth Catchment,10ED,Taiga Plains Liard Upland MB,1988,3,30,1,38,11.4,0.3
Fort Liard,Dehcho,Lower Liard - Mouth Catchment,10ED,Taiga Plains Liard Upland MB,1988,3,30,2,36,11.4,0.32
Fort Liard,Dehcho,Lower Liard - Mouth Catchment,10ED,Taiga Plains Liard Upland MB,1988,3,30,3,38,12.1,0.32
Fort Liard,Dehcho,Lower Liard - Mouth Catchment,10ED,Taiga Plains Liard Upland MB,1988,3,30,4,41,12.1,0.3
Fort Liard,Dehcho,Lower Liard - Mouth Catchment,10ED,Taiga Plains Liard Upland MB,1988,3,30,5,36,10.8,0.3
Fort Liard,Dehcho,Lower Liard - Mouth Catchment,10ED,Taiga Plains Liard Upland MB,1988,3,30,6,46,12.1,0.26
Fort Liard,Dehcho,Lower Liard - Mouth Catchment,10ED,Taiga Plains Liard Upland MB,1988,3,30,7,51,14.6,0.29
Fort Liard,Dehcho,Lower Liard - Mouth Catchment,10ED,Taiga Plains Liard Upland MB,1988,3,30,8,46,13.3,0.29
Fort Liard,Dehcho,Lower Liard - Mouth Catchment,10ED,Taiga Plains Liard Upland MB,1988,3,30,9,41,12.1,0.3
Fort Liard,Dehcho,Lower Liard - Mouth Catchment,10ED,Taiga Plains Liard Upland MB,1988,3,30,10,41,12.1,0.3
Fort Liard,Dehcho,Lower Liard - Mouth Catchment,10ED,Taiga Plains Liard Upland MB,1988,1,26,1,41,8.3,0.2
Fort Liard,Dehcho,Lower Liard - Mouth Catchment,10ED,Taiga Plains Liard Upland MB,1988,1,26,2,46,8.3,0.18
Fort Liard,Dehcho,Lower Liard - Mouth Catchment,10ED,Taiga Plains Liard Upland MB,1988,1,26,3,47,8.9,0.19
Fort Liard,Dehcho,Lower Liard - Mouth Catchment,10ED,Taiga Plains Liard Upland MB,1988,1,26,4,37,8.9,0.24
Fort Liard,Dehcho,Lower Liard - Mouth Catchment,10ED,Taiga Plains Liard Upland MB,1988,1,26,5,47,8.3,0.18
Fort Liard,Dehcho,Lower Liard - Mouth Catchment,10ED,Taiga Plains Liard Upland MB,1988,1,26,6,46,8.9,0.19
Fort Liard,Dehcho,Lower Liard - Mouth Catchment,10ED,Taiga Plains Liard Upland MB,1988,1,26,7,44,7.6,0.17
Fort Liard,Dehcho,Lower Liard - Mouth Catchment,10ED,Taiga Plains Liard Upland MB,1988,1,26,8,51,10.2,0.2
Fort Liard,Dehcho,Lower Liard - Mouth Catchment,10ED,Taiga Plains Liard Upland MB,1988,1,26,9,48,7.6,0.16
Fort Liard,Dehcho,Lower Liard - Mouth Catchment,10ED,Taiga Plains Liard Upland MB,1988,1,26,10,51,10.2,0.2
Fort Liard,Dehcho,Lower Liard - Mouth Catchment,10ED,Taiga Plains Liard Upland MB,1988,1,6,1,33,5.1,0.15
Fort Liard,Dehcho,Lower Liard - Mouth Catchment,10ED,Taiga Plains Liard Upland MB,1988,1,6,2,36,5.7,0.16
Fort Liard,Dehcho,Lower Liard - Mouth Catchment,10ED,Taiga Plains Liard Upland MB,1988,1,6,3,43,8.3,0.19
Fort Liard,Dehcho,Lower Liard - Mouth Catchment,10ED,Taiga Plains Liard Upland MB,1988,1,6,4,33,6.3,0.19
Fort Liard,Dehcho,Lower Liard - Mouth Catchment,10ED,Taiga Plains Liard Upland MB,1988,1,6,5,36,6.3,0.18
Fort Liard,Dehcho,Lower Liard - Mouth Catchment,10ED,Taiga Plains Liard Upland MB,1988,1,6,6,38,7.6,0.2
Fort Liard,Dehcho,Lower Liard - Mouth Catchment,10ED,Taiga Plains Liard Upland MB,1988,1,6,7,33,5.7,0.17
Fort Liard,Dehcho,Lower Liard - Mouth Catchment,10ED,Taiga Plains Liard Upland MB,1988,1,6,8,44,8.3,0.19
Fort Liard,Dehcho,Lower Liard - Mouth Catchment,10ED,Taiga Plains Liard Upland MB,1988,1,6,9,39,7.6,0.19
Fort Liard,Dehcho,Lower Liard - Mouth Catchment,10ED,Taiga Plains Liard Upland MB,1988,1,6,10,37,7,0.19
Fort Liard,Dehcho,Lower Liard - Mouth Catchment,10ED,Taiga Plains Liard Upland MB,1987,12,9,1,29,4.4,0.15
Fort Liard,Dehcho,Lower Liard - Mouth Catchment,10ED,Taiga Plains Liard Upland MB,1987,12,9,2,38,6.3,0.17
Fort Liard,Dehcho,Lower Liard - Mouth Catchment,10ED,Taiga Plains Liard Upland MB,1987,12,9,3,32,5.1,0.16
Fort Liard,Dehcho,Lower Liard - Mouth Catchment,10ED,Taiga Plains Liard Upland MB,1987,12,9,4,37,5.7,0.16
Fort Liard,Dehcho,Lower Liard - Mouth Catchment,10ED,Taiga Plains Liard Upland MB,1987,12,9,5,37,6.3,0.17
Fort Liard,Dehcho,Lower Liard - Mouth Catchment,10ED,Taiga Plains Liard Upland MB,1987,12,9,6,39,7,0.18
Fort Liard,Dehcho,Lower Liard - Mouth Catchment,10ED,Taiga Plains Liard Upland MB,1987,12,9,7,41,7.6,0.19
Fort Liard,Dehcho,Lower Liard - Mouth Catchment,10ED,Taiga Plains Liard Upland MB,1987,12,9,8,41,8.3,0.2
Fort Liard,Dehcho,Lower Liard - Mouth Catchment,10ED,Taiga Plains Liard Upland MB,1987,12,9,9,42,8.3,0.2
Fort Liard,Dehcho,Lower Liard - Mouth Catchment,10ED,Taiga Plains Liard Upland MB,1987,12,9,10,38,6.3,0.17
Fort Liard,Dehcho,Lower Liard - Mouth Catchment,10ED,Taiga Plains Liard Upland MB,1987,11,1,1,,,
Fort Liard,Dehcho,Lower Liard - Mouth Catchment,10ED,Taiga Plains Liard Upland MB,1987,11,1,2,,,
Fort Liard,Dehcho,Lower Liard - Mouth Catchment,10ED,Taiga Plains Liard Upland MB,1987,11,1,3,,,
Fort Liard,Dehcho,Lower Liard - Mouth Catchment,10ED,Taiga Plains Liard Upland MB,1987,11,1,4,,,
Fort Liard,Dehcho,Lower Liard - Mouth Catchment,10ED,Taiga Plains Liard Upland MB,1987,11,1,5,,,
Fort Liard,Dehcho,Lower Liard - Mouth Catchment,10ED,Taiga Plains Liard Upland MB,1987,11,1,6,,,
Fort Liard,Dehcho,Lower Liard - Mouth Catchment,10ED,Taiga Plains Liard Upland MB,1987,11,1,7,,,
Fort Liard,Dehcho,Lower Liard - Mouth Catchment,10ED,Taiga Plains Liard Upland MB,1987,11,1,8,,,
Fort Liard,Dehcho,Lower Liard - Mouth Catchment,10ED,Taiga Plains Liard Upland MB,1987,11,1,9,,,
Fort Liard,Dehcho,Lower Liard - Mouth Catchment,10ED,Taiga Plains Liard Upland MB,1987,11,1,10,,,
Fort Liard,Dehcho,Lower Liard - Mouth Catchment,10ED,Taiga Plains Liard Upland MB,1987,4,1,1,,,
Fort Liard,Dehcho,Lower Liard - Mouth Catchment,10ED,Taiga Plains Liard Upland MB,1987,4,1,2,,,
Fort Liard,Dehcho,Lower Liard - Mouth Catchment,10ED,Taiga Plains Liard Upland MB,1987,4,1,3,,,
Fort Liard,Dehcho,Lower Liard - Mouth Catchment,10ED,Taiga Plains Liard Upland MB,1987,4,1,4,,,
Fort Liard,Dehcho,Lower Liard - Mouth Catchment,10ED,Taiga Plains Liard Upland MB,1987,4,1,5,,,
Fort Liard,Dehcho,Lower Liard - Mouth Catchment,10ED,Taiga Plains Liard Upland MB,1987,4,1,6,,,
Fort Liard,Dehcho,Lower Liard - Mouth Catchment,10ED,Taiga Plains Liard Upland MB,1987,4,1,7,,,
Fort Liard,Dehcho,Lower Liard - Mouth Catchment,10ED,Taiga Plains Liard Upland MB,1987,4,1,8,,,
Fort Liard,Dehcho,Lower Liard - Mouth Catchment,10ED,Taiga Plains Liard Upland MB,1987,4,1,9,,,
Fort Liard,Dehcho,Lower Liard - Mouth Catchment,10ED,Taiga Plains Liard Upland MB,1987,4,1,10,,,
Fort Liard,Dehcho,Lower Liard - Mouth Catchment,10ED,Taiga Plains Liard Upland MB,1987,3,5,1,14,2,0.14
Fort Liard,Dehcho,Lower Liard - Mouth Catchment,10ED,Taiga Plains Liard Upland MB,1987,3,5,2,19,2,0.11
Fort Liard,Dehcho,Lower Liard - Mouth Catchment,10ED,Taiga Plains Liard Upland MB,1987,3,5,3,16,1.3,0.08
Fort Liard,Dehcho,Lower Liard - Mouth Catchment,10ED,Taiga Plains Liard Upland MB,1987,3,5,4,20,2,0.1
Fort Liard,Dehcho,Lower Liard - Mouth Catchment,10ED,Taiga Plains Liard Upland MB,1987,3,5,5,19,2.3,0.12
Fort Liard,Dehcho,Lower Liard - Mouth Catchment,10ED,Taiga Plains Liard Upland MB,1987,3,5,6,19,2.5,0.13
Fort Liard,Dehcho,Lower Liard - Mouth Catchment,10ED,Taiga Plains Liard Upland MB,1987,3,5,7,22,2.3,0.1
Fort Liard,Dehcho,Lower Liard - Mouth Catchment,10ED,Taiga Plains Liard Upland MB,1987,3,5,8,24,2.8,0.12
Fort Liard,Dehcho,Lower Liard - Mouth Catchment,10ED,Taiga Plains Liard Upland MB,1987,3,5,9,23,2.8,0.12
Fort Liard,Dehcho,Lower Liard - Mouth Catchment,10ED,Taiga Plains Liard Upland MB,1987,3,5,10,21,2.5,0.12
Fort Liard,Dehcho,Lower Liard - Mouth Catchment,10ED,Taiga Plains Liard Upland MB,1987,2,3,1,25,5.1,0.2
Fort Liard,Dehcho,Lower Liard - Mouth Catchment,10ED,Taiga Plains Liard Upland MB,1987,2,3,2,38,2.5,0.07
Fort Liard,Dehcho,Lower Liard - Mouth Catchment,10ED,Taiga Plains Liard Upland MB,1987,2,3,3,29,3.8,0.13
Fort Liard,Dehcho,Lower Liard - Mouth Catchment,10ED,Taiga Plains Liard Upland MB,1987,2,3,4,33,2.5,0.08
Fort Liard,Dehcho,Lower Liard - Mouth Catchment,10ED,Taiga Plains Liard Upland MB,1987,2,3,5,34,3.8,0.11
Fort Liard,Dehcho,Lower Liard - Mouth Catchment,10ED,Taiga Plains Liard Upland MB,1987,2,3,6,34,2.5,0.07
Fort Liard,Dehcho,Lower Liard - Mouth Catchment,10ED,Taiga Plains Liard Upland MB,1987,2,3,7,47,4.4,0.09
Fort Liard,Dehcho,Lower Liard - Mouth Catchment,10ED,Taiga Plains Liard Upland MB,1987,2,3,8,39,5.1,0.13
Fort Liard,Dehcho,Lower Liard - Mouth Catchment,10ED,Taiga Plains Liard Upland MB,1987,2,3,9,46,3.8,0.08
Fort Liard,Dehcho,Lower Liard - Mouth Catchment,10ED,Taiga Plains Liard Upland MB,1987,2,3,10,34,2.5,0.07
Fort Liard,Dehcho,Lower Liard - Mouth Catchment,10ED,Taiga Plains Liard Upland MB,1987,1,5,1,13,0.6,0.05
Fort Liard,Dehcho,Lower Liard - Mouth Catchment,10ED,Taiga Plains Liard Upland MB,1987,1,5,2,24,1.9,0.08
Fort Liard,Dehcho,Lower Liard - Mouth Catchment,10ED,Taiga Plains Liard Upland MB,1987,1,5,3,19,1.3,0.07
Fort Liard,Dehcho,Lower Liard - Mouth Catchment,10ED,Taiga Plains Liard Upland MB,1987,1,5,4,27,1.9,0.07
Fort Liard,Dehcho,Lower Liard - Mouth Catchment,10ED,Taiga Plains Liard Upland MB,1987,1,5,5,25,3.2,0.13
Fort Liard,Dehcho,Lower Liard - Mouth Catchment,10ED,Taiga Plains Liard Upland MB,1987,1,5,6,23,2.5,0.11
Fort Liard,Dehcho,Lower Liard - Mouth Catchment,10ED,Taiga Plains Liard Upland MB,1987,1,5,7,36,3.8,0.11
Fort Liard,Dehcho,Lower Liard - Mouth Catchment,10ED,Taiga Plains Liard Upland MB,1987,1,5,8,28,3.8,0.14
Fort Liard,Dehcho,Lower Liard - Mouth Catchment,10ED,Taiga Plains Liard Upland MB,1987,1,5,9,41,2.5,0.06
Fort Liard,Dehcho,Lower Liard - Mouth Catchment,10ED,Taiga Plains Liard Upland MB,1987,1,5,10,34,3.8,0.11
Fort Liard,Dehcho,Lower Liard - Mouth Catchment,10ED,Taiga Plains Liard Upland MB,1986,12,8,1,15,1.3,0.08
Fort Liard,Dehcho,Lower Liard - Mouth Catchment,10ED,Taiga Plains Liard Upland MB,1986,12,8,2,20,1.3,0.06
Fort Liard,Dehcho,Lower Liard - Mouth Catchment,10ED,Taiga Plains Liard Upland MB,1986,12,8,3,17,1.3,0.08
Fort Liard,Dehcho,Lower Liard - Mouth Catchment,10ED,Taiga Plains Liard Upland MB,1986,12,8,4,17,1.3,0.08
Fort Liard,Dehcho,Lower Liard - Mouth Catchment,10ED,Taiga Plains Liard Upland MB,1986,12,8,5,18,2.5,0.14
Fort Liard,Dehcho,Lower Liard - Mouth Catchment,10ED,Taiga Plains Liard Upland MB,1986,12,8,6,20,1.9,0.09
Fort Liard,Dehcho,Lower Liard - Mouth Catchment,10ED,Taiga Plains Liard Upland MB,1986,12,8,7,24,1.9,0.08
Fort Liard,Dehcho,Lower Liard - Mouth Catchment,10ED,Taiga Plains Liard Upland MB,1986,12,8,8,27,3.2,0.12
Fort Liard,Dehcho,Lower Liard - Mouth Catchment,10ED,Taiga Plains Liard Upland MB,1986,12,8,9,30,1.9,0.06
Fort Liard,Dehcho,Lower Liard - Mouth Catchment,10ED,Taiga Plains Liard Upland MB,1986,12,8,10,24,2.5,0.11
Fort Liard,Dehcho,Lower Liard - Mouth Catchment,10ED,Taiga Plains Liard Upland MB,1986,11,1,1,,,
Fort Liard,Dehcho,Lower Liard - Mouth Catchment,10ED,Taiga Plains Liard Upland MB,1986,11,1,2,,,
Fort Liard,Dehcho,Lower Liard - Mouth Catchment,10ED,Taiga Plains Liard Upland MB,1986,11,1,3,,,
Fort Liard,Dehcho,Lower Liard - Mouth Catchment,10ED,Taiga Plains Liard Upland MB,1986,11,1,4,,,
Fort Liard,Dehcho,Lower Liard - Mouth Catchment,10ED,Taiga Plains Liard Upland MB,1986,11,1,5,,,
Fort Liard,Dehcho,Lower Liard - Mouth Catchment,10ED,Taiga Plains Liard Upland MB,1986,11,1,6,,,
Fort Liard,Dehcho,Lower Liard - Mouth Catchment,10ED,Taiga Plains Liard Upland MB,1986,11,1,7,,,
Fort Liard,Dehcho,Lower Liard - Mouth Catchment,10ED,Taiga Plains Liard Upland MB,1986,11,1,8,,,
Fort Liard,Dehcho,Lower Liard - Mouth Catchment,10ED,Taiga Plains Liard Upland MB,1986,11,1,9,,,
Fort Liard,Dehcho,Lower Liard - Mouth Catchment,10ED,Taiga Plains Liard Upland MB,1986,11,1,10,,,
Fort Liard,Dehcho,Lower Liard - Mouth Catchment,10ED,Taiga Plains Liard Upland MB,1986,4,1,1,,,
Fort Liard,Dehcho,Lower Liard - Mouth Catchment,10ED,Taiga Plains Liard Upland MB,1986,4,1,2,,,
Fort Liard,Dehcho,Lower Liard - Mouth Catchment,10ED,Taiga Plains Liard Upland MB,1986,4,1,3,,,
Fort Liard,Dehcho,Lower Liard - Mouth Catchment,10ED,Taiga Plains Liard Upland MB,1986,4,1,4,,,
Fort Liard,Dehcho,Lower Liard - Mouth Catchment,10ED,Taiga Plains Liard Upland MB,1986,4,1,5,,,
Fort Liard,Dehcho,Lower Liard - Mouth Catchment,10ED,Taiga Plains Liard Upland MB,1986,4,1,6,,,
Fort Liard,Dehcho,Lower Liard - Mouth Catchment,10ED,Taiga Plains Liard Upland MB,1986,4,1,7,,,
Fort Liard,Dehcho,Lower Liard - Mouth Catchment,10ED,Taiga Plains Liard Upland MB,1986,4,1,8,,,
Fort Liard,Dehcho,Lower Liard - Mouth Catchment,10ED,Taiga Plains Liard Upland MB,1986,4,1,9,,,
Fort Liard,Dehcho,Lower Liard - Mouth Catchment,10ED,Taiga Plains Liard Upland MB,1986,4,1,10,,,
Fort Liard,Dehcho,Lower Liard - Mouth Catchment,10ED,Taiga Plains Liard Upland MB,1986,3,3,1,44,3.8,0.09
Fort Liard,Dehcho,Lower Liard - Mouth Catchment,10ED,Taiga Plains Liard Upland MB,1986,3,3,2,51,7.6,0.15
Fort Liard,Dehcho,Lower Liard - Mouth Catchment,10ED,Taiga Plains Liard Upland MB,1986,3,3,3,48,5.1,0.11
Fort Liard,Dehcho,Lower Liard - Mouth Catchment,10ED,Taiga Plains Liard Upland MB,1986,3,3,4,55,5.7,0.1
Fort Liard,Dehcho,Lower Liard - Mouth Catchment,10ED,Taiga Plains Liard Upland MB,1986,3,3,5,58,5.7,0.1
Fort Liard,Dehcho,Lower Liard - Mouth Catchment,10ED,Taiga Plains Liard Upland MB,1986,3,3,6,50,6.3,0.13
Fort Liard,Dehcho,Lower Liard - Mouth Catchment,10ED,Taiga Plains Liard Upland MB,1986,3,3,7,65,9.5,0.15
Fort Liard,Dehcho,Lower Liard - Mouth Catchment,10ED,Taiga Plains Liard Upland MB,1986,3,3,8,66,10.2,0.15
Fort Liard,Dehcho,Lower Liard - Mouth Catchment,10ED,Taiga Plains Liard Upland MB,1986,3,3,9,66,9.5,0.14
Fort Liard,Dehcho,Lower Liard - Mouth Catchment,10ED,Taiga Plains Liard Upland MB,1986,3,3,10,57,10.2,0.18
Fort Liard,Dehcho,Lower Liard - Mouth Catchment,10ED,Taiga Plains Liard Upland MB,1986,2,4,1,20,3.8,0.19
Fort Liard,Dehcho,Lower Liard - Mouth Catchment,10ED,Taiga Plains Liard Upland MB,1986,2,4,2,25,2.5,0.1
Fort Liard,Dehcho,Lower Liard - Mouth Catchment,10ED,Taiga Plains Liard Upland MB,1986,2,4,3,25,2.8,0.11
Fort Liard,Dehcho,Lower Liard - Mouth Catchment,10ED,Taiga Plains Liard Upland MB,1986,2,4,4,36,3.8,0.11
Fort Liard,Dehcho,Lower Liard - Mouth Catchment,10ED,Taiga Plains Liard Upland MB,1986,2,4,5,43,7.6,0.18
Fort Liard,Dehcho,Lower Liard - Mouth Catchment,10ED,Taiga Plains Liard Upland MB,1986,2,4,6,33,5.3,0.16
Fort Liard,Dehcho,Lower Liard - Mouth Catchment,10ED,Taiga Plains Liard Upland MB,1986,2,4,7,25,2,0.08
Fort Liard,Dehcho,Lower Liard - Mouth Catchment,10ED,Taiga Plains Liard Upland MB,1986,2,4,8,51,6.9,0.14
Fort Liard,Dehcho,Lower Liard - Mouth Catchment,10ED,Taiga Plains Liard Upland MB,1986,2,4,9,51,7.6,0.15
Fort Liard,Dehcho,Lower Liard - Mouth Catchment,10ED,Taiga Plains Liard Upland MB,1986,2,4,10,46,9.7,0.21
Fort Liard,Dehcho,Lower Liard - Mouth Catchment,10ED,Taiga Plains Liard Upland MB,1985,12,20,1,29,2.5,0.09
Fort Liard,Dehcho,Lower Liard - Mouth Catchment,10ED,Taiga Plains Liard Upland MB,1985,12,20,2,33,3.8,0.12
Fort Liard,Dehcho,Lower Liard - Mouth Catchment,10ED,Taiga Plains Liard Upland MB,1985,12,20,3,36,5.1,0.14
Fort Liard,Dehcho,Lower Liard - Mouth Catchment,10ED,Taiga Plains Liard Upland MB,1985,12,20,4,29,1.3,0.04
Fort Liard,Dehcho,Lower Liard - Mouth Catchment,10ED,Taiga Plains Liard Upland MB,1985,12,20,5,36,1.9,0.05
Fort Liard,Dehcho,Lower Liard - Mouth Catchment,10ED,Taiga Plains Liard Upland MB,1985,12,20,6,36,3.8,0.11
Fort Liard,Dehcho,Lower Liard - Mouth Catchment,10ED,Taiga Plains Liard Upland MB,1985,12,20,7,41,5.7,0.14
Fort Liard,Dehcho,Lower Liard - Mouth Catchment,10ED,Taiga Plains Liard Upland MB,1985,12,20,8,41,6.3,0.16
Fort Liard,Dehcho,Lower Liard - Mouth Catchment,10ED,Taiga Plains Liard Upland MB,1985,12,20,9,36,5.1,0.14
Fort Liard,Dehcho,Lower Liard - Mouth Catchment,10ED,Taiga Plains Liard Upland MB,1985,12,20,10,46,5.7,0.13
Fort Liard,Dehcho,Lower Liard - Mouth Catchment,10ED,Taiga Plains Liard Upland MB,1985,12,2,1,29,4.4,0.15
Fort Liard,Dehcho,Lower Liard - Mouth Catchment,10ED,Taiga Plains Liard Upland MB,1985,12,2,2,27,3.8,0.14
Fort Liard,Dehcho,Lower Liard - Mouth Catchment,10ED,Taiga Plains Liard Upland MB,1985,12,2,3,30,5.1,0.17
Fort Liard,Dehcho,Lower Liard - Mouth Catchment,10ED,Taiga Plains Liard Upland MB,1985,12,2,4,33,3.8,0.12
Fort Liard,Dehcho,Lower Liard - Mouth Catchment,10ED,Taiga Plains Liard Upland MB,1985,12,2,5,32,4.4,0.14
Fort Liard,Dehcho,Lower Liard - Mouth Catchment,10ED,Taiga Plains Liard Upland MB,1985,12,2,6,27,3.8,0.14
Fort Liard,Dehcho,Lower Liard - Mouth Catchment,10ED,Taiga Plains Liard Upland MB,1985,12,2,7,34,5.1,0.15
Fort Liard,Dehcho,Lower Liard - Mouth Catchment,10ED,Taiga Plains Liard Upland MB,1985,12,2,8,29,5.1,0.17
Fort Liard,Dehcho,Lower Liard - Mouth Catchment,10ED,Taiga Plains Liard Upland MB,1985,12,2,9,32,1.3,0.04
Fort Liard,Dehcho,Lower Liard - Mouth Catchment,10ED,Taiga Plains Liard Upland MB,1985,12,2,10,29,3.8,0.13
Fort Liard,Dehcho,Lower Liard - Mouth Catchment,10ED,Taiga Plains Liard Upland MB,1985,11,1,1,,,
Fort Liard,Dehcho,Lower Liard - Mouth Catchment,10ED,Taiga Plains Liard Upland MB,1985,11,1,2,,,
Fort Liard,Dehcho,Lower Liard - Mouth Catchment,10ED,Taiga Plains Liard Upland MB,1985,11,1,3,,,
Fort Liard,Dehcho,Lower Liard - Mouth Catchment,10ED,Taiga Plains Liard Upland MB,1985,11,1,4,,,
Fort Liard,Dehcho,Lower Liard - Mouth Catchment,10ED,Taiga Plains Liard Upland MB,1985,11,1,5,,,
Fort Liard,Dehcho,Lower Liard - Mouth Catchment,10ED,Taiga Plains Liard Upland MB,1985,11,1,6,,,
Fort Liard,Dehcho,Lower Liard - Mouth Catchment,10ED,Taiga Plains Liard Upland MB,1985,11,1,7,,,
Fort Liard,Dehcho,Lower Liard - Mouth Catchment,10ED,Taiga Plains Liard Upland MB,1985,11,1,8,,,
Fort Liard,Dehcho,Lower Liard - Mouth Catchment,10ED,Taiga Plains Liard Upland MB,1985,11,1,9,,,
Fort Liard,Dehcho,Lower Liard - Mouth Catchment,10ED,Taiga Plains Liard Upland MB,1985,11,1,10,,,
Fort Liard,Dehcho,Lower Liard - Mouth Catchment,10ED,Taiga Plains Liard Upland MB,1985,4,4,1,38,7.4,0.19
Fort Liard,Dehcho,Lower Liard - Mouth Catchment,10ED,Taiga Plains Liard Upland MB,1985,4,4,2,43,9.7,0.22
Fort Liard,Dehcho,Lower Liard - Mouth Catchment,10ED,Taiga Plains Liard Upland MB,1985,4,4,3,56,11.2,0.2
Fort Liard,Dehcho,Lower Liard - Mouth Catchment,10ED,Taiga Plains Liard Upland MB,1985,4,4,4,46,10.2,0.22
Fort Liard,Dehcho,Lower Liard - Mouth Catchment,10ED,Taiga Plains Liard Upland MB,1985,4,4,5,47,9.1,0.19
Fort Liard,Dehcho,Lower Liard - Mouth Catchment,10ED,Taiga Plains Liard Upland MB,1985,4,4,6,46,9.7,0.21
Fort Liard,Dehcho,Lower Liard - Mouth Catchment,10ED,Taiga Plains Liard Upland MB,1985,4,4,7,53,13.7,0.26
Fort Liard,Dehcho,Lower Liard - Mouth Catchment,10ED,Taiga Plains Liard Upland MB,1985,4,4,8,52,12.2,0.23
Fort Liard,Dehcho,Lower Liard - Mouth Catchment,10ED,Taiga Plains Liard Upland MB,1985,4,4,9,57,11.7,0.2
Fort Liard,Dehcho,Lower Liard - Mouth Catchment,10ED,Taiga Plains Liard Upland MB,1985,4,4,10,58,13,0.22
Fort Liard,Dehcho,Lower Liard - Mouth Catchment,10ED,Taiga Plains Liard Upland MB,1985,3,1,1,48,10.2,0.21
Fort Liard,Dehcho,Lower Liard - Mouth Catchment,10ED,Taiga Plains Liard Upland MB,1985,3,1,2,51,9.4,0.19
Fort Liard,Dehcho,Lower Liard - Mouth Catchment,10ED,Taiga Plains Liard Upland MB,1985,3,1,3,66,14.2,0.22
Fort Liard,Dehcho,Lower Liard - Mouth Catchment,10ED,Taiga Plains Liard Upland MB,1985,3,1,4,51,8.9,0.18
Fort Liard,Dehcho,Lower Liard - Mouth Catchment,10ED,Taiga Plains Liard Upland MB,1985,3,1,5,62,11.4,0.18
Fort Liard,Dehcho,Lower Liard - Mouth Catchment,10ED,Taiga Plains Liard Upland MB,1985,3,1,6,58,11.7,0.2
Fort Liard,Dehcho,Lower Liard - Mouth Catchment,10ED,Taiga Plains Liard Upland MB,1985,3,1,7,74,14.7,0.2
Fort Liard,Dehcho,Lower Liard - Mouth Catchment,10ED,Taiga Plains Liard Upland MB,1985,3,1,8,71,14,0.2
Fort Liard,Dehcho,Lower Liard - Mouth Catchment,10ED,Taiga Plains Liard Upland MB,1985,3,1,9,61,11.4,0.19
Fort Liard,Dehcho,Lower Liard - Mouth Catchment,10ED,Taiga Plains Liard Upland MB,1985,3,1,10,66,11.9,0.18
Fort Liard,Dehcho,Lower Liard - Mouth Catchment,10ED,Taiga Plains Liard Upland MB,1985,1,30,1,42,8.9,0.21
Fort Liard,Dehcho,Lower Liard - Mouth Catchment,10ED,Taiga Plains Liard Upland MB,1985,1,30,2,36,6.6,0.19
Fort Liard,Dehcho,Lower Liard - Mouth Catchment,10ED,Taiga Plains Liard Upland MB,1985,1,30,3,51,8.9,0.18
Fort Liard,Dehcho,Lower Liard - Mouth Catchment,10ED,Taiga Plains Liard Upland MB,1985,1,30,4,38,5.6,0.15
Fort Liard,Dehcho,Lower Liard - Mouth Catchment,10ED,Taiga Plains Liard Upland MB,1985,1,30,5,52,8.9,0.17
Fort Liard,Dehcho,Lower Liard - Mouth Catchment,10ED,Taiga Plains Liard Upland MB,1985,1,30,6,48,6.3,0.13
Fort Liard,Dehcho,Lower Liard - Mouth Catchment,10ED,Taiga Plains Liard Upland MB,1985,1,30,7,51,8.1,0.16
Fort Liard,Dehcho,Lower Liard - Mouth Catchment,10ED,Taiga Plains Liard Upland MB,1985,1,30,8,50,7.6,0.15
Fort Liard,Dehcho,Lower Liard - Mouth Catchment,10ED,Taiga Plains Liard Upland MB,1985,1,30,9,47,7.6,0.16
Fort Liard,Dehcho,Lower Liard - Mouth Catchment,10ED,Taiga Plains Liard Upland MB,1985,1,30,10,51,8.9,0.18
Fort Liard,Dehcho,Lower Liard - Mouth Catchment,10ED,Taiga Plains Liard Upland MB,1985,1,1,1,,,
Fort Liard,Dehcho,Lower Liard - Mouth Catchment,10ED,Taiga Plains Liard Upland MB,1985,1,1,2,,,
Fort Liard,Dehcho,Lower Liard - Mouth Catchment,10ED,Taiga Plains Liard Upland MB,1985,1,1,3,,,
Fort Liard,Dehcho,Lower Liard - Mouth Catchment,10ED,Taiga Plains Liard Upland MB,1985,1,1,4,,,
Fort Liard,Dehcho,Lower Liard - Mouth Catchment,10ED,Taiga Plains Liard Upland MB,1985,1,1,5,,,
Fort Liard,Dehcho,Lower Liard - Mouth Catchment,10ED,Taiga Plains Liard Upland MB,1985,1,1,6,,,
Fort Liard,Dehcho,Lower Liard - Mouth Catchment,10ED,Taiga Plains Liard Upland MB,1985,1,1,7,,,
Fort Liard,Dehcho,Lower Liard - Mouth Catchment,10ED,Taiga Plains Liard Upland MB,1985,1,1,8,,,
Fort Liard,Dehcho,Lower Liard - Mouth Catchment,10ED,Taiga Plains Liard Upland MB,1985,1,1,9,,,
Fort Liard,Dehcho,Lower Liard - Mouth Catchment,10ED,Taiga Plains Liard Upland MB,1985,1,1,10,,,
Fort Liard,Dehcho,Lower Liard - Mouth Catchment,10ED,Taiga Plains Liard Upland MB,1984,5,4,1,,,
Fort Liard,Dehcho,Lower Liard - Mouth Catchment,10ED,Taiga Plains Liard Upland MB,1984,5,4,2,,,
Fort Liard,Dehcho,Lower Liard - Mouth Catchment,10ED,Taiga Plains Liard Upland MB,1984,5,4,3,,,
Fort Liard,Dehcho,Lower Liard - Mouth Catchment,10ED,Taiga Plains Liard Upland MB,1984,5,4,4,,,
Fort Liard,Dehcho,Lower Liard - Mouth Catchment,10ED,Taiga Plains Liard Upland MB,1984,5,4,5,,,
Fort Liard,Dehcho,Lower Liard - Mouth Catchment,10ED,Taiga Plains Liard Upland MB,1984,5,4,6,,,
Fort Liard,Dehcho,Lower Liard - Mouth Catchment,10ED,Taiga Plains Liard Upland MB,1984,5,4,7,,,
Fort Liard,Dehcho,Lower Liard - Mouth Catchment,10ED,Taiga Plains Liard Upland MB,1984,5,4,8,,,
Fort Liard,Dehcho,Lower Liard - Mouth Catchment,10ED,Taiga Plains Liard Upland MB,1984,5,4,9,,,
Fort Liard,Dehcho,Lower Liard - Mouth Catchment,10ED,Taiga Plains Liard Upland MB,1984,5,4,10,,,
Fort Liard,Dehcho,Lower Liard - Mouth Catchment,10ED,Taiga Plains Liard Upland MB,1984,11,29,1,23,3.8,0.17
Fort Liard,Dehcho,Lower Liard - Mouth Catchment,10ED,Taiga Plains Liard Upland MB,1984,11,29,2,27,4.3,0.16
Fort Liard,Dehcho,Lower Liard - Mouth Catchment,10ED,Taiga Plains Liard Upland MB,1984,11,29,3,30,4.8,0.16
Fort Liard,Dehcho,Lower Liard - Mouth Catchment,10ED,Taiga Plains Liard Upland MB,1984,11,29,4,24,4.3,0.18
Fort Liard,Dehcho,Lower Liard - Mouth Catchment,10ED,Taiga Plains Liard Upland MB,1984,11,29,5,27,4.3,0.16
Fort Liard,Dehcho,Lower Liard - Mouth Catchment,10ED,Taiga Plains Liard Upland MB,1984,11,29,6,29,4.8,0.17
Fort Liard,Dehcho,Lower Liard - Mouth Catchment,10ED,Taiga Plains Liard Upland MB,1984,11,29,7,33,5.6,0.17
Fort Liard,Dehcho,Lower Liard - Mouth Catchment,10ED,Taiga Plains Liard Upland MB,1984,11,29,8,33,5.6,0.17
Fort Liard,Dehcho,Lower Liard - Mouth Catchment,10ED,Taiga Plains Liard Upland MB,1984,11,29,9,27,3.8,0.14
Fort Liard,Dehcho,Lower Liard - Mouth Catchment,10ED,Taiga Plains Liard Upland MB,1984,11,29,10,32,4.8,0.15
Fort Liard,Dehcho,Lower Liard - Mouth Catchment,10ED,Taiga Plains Liard Upland MB,1984,11,6,1,20,1.5,0.08
Fort Liard,Dehcho,Lower Liard - Mouth Catchment,10ED,Taiga Plains Liard Upland MB,1984,11,6,2,20,1.3,0.06
Fort Liard,Dehcho,Lower Liard - Mouth Catchment,10ED,Taiga Plains Liard Upland MB,1984,11,6,3,25,2,0.08
Fort Liard,Dehcho,Lower Liard - Mouth Catchment,10ED,Taiga Plains Liard Upland MB,1984,11,6,4,19,1.5,0.08
Fort Liard,Dehcho,Lower Liard - Mouth Catchment,10ED,Taiga Plains Liard Upland MB,1984,11,6,5,28,1.8,0.06
Fort Liard,Dehcho,Lower Liard - Mouth Catchment,10ED,Taiga Plains Liard Upland MB,1984,11,6,6,25,2.3,0.09
Fort Liard,Dehcho,Lower Liard - Mouth Catchment,10ED,Taiga Plains Liard Upland MB,1984,11,6,7,25,2.5,0.1
Fort Liard,Dehcho,Lower Liard - Mouth Catchment,10ED,Taiga Plains Liard Upland MB,1984,11,6,8,25,2.3,0.09
Fort Liard,Dehcho,Lower Liard - Mouth Catchment,10ED,Taiga Plains Liard Upland MB,1984,11,6,9,23,2.3,0.1
Fort Liard,Dehcho,Lower Liard - Mouth Catchment,10ED,Taiga Plains Liard Upland MB,1984,11,6,10,23,1.3,0.06
Fort Liard,Dehcho,Lower Liard - Mouth Catchment,10ED,Taiga Plains Liard Upland MB,1984,4,2,1,15,3.6,0.23
Fort Liard,Dehcho,Lower Liard - Mouth Catchment,10ED,Taiga Plains Liard Upland MB,1984,4,2,2,20,5.8,0.29
Fort Liard,Dehcho,Lower Liard - Mouth Catchment,10ED,Taiga Plains Liard Upland MB,1984,4,2,3,33,8.9,0.27
Fort Liard,Dehcho,Lower Liard - Mouth Catchment,10ED,Taiga Plains Liard Upland MB,1984,4,2,4,15,4.3,0.28
Fort Liard,Dehcho,Lower Liard - Mouth Catchment,10ED,Taiga Plains Liard Upland MB,1984,4,2,5,25,5.6,0.22
Fort Liard,Dehcho,Lower Liard - Mouth Catchment,10ED,Taiga Plains Liard Upland MB,1984,4,2,6,25,5.8,0.23
Fort Liard,Dehcho,Lower Liard - Mouth Catchment,10ED,Taiga Plains Liard Upland MB,1984,4,2,7,41,8.9,0.22
Fort Liard,Dehcho,Lower Liard - Mouth Catchment,10ED,Taiga Plains Liard Upland MB,1984,4,2,8,37,7.9,0.21
Fort Liard,Dehcho,Lower Liard - Mouth Catchment,10ED,Taiga Plains Liard Upland MB,1984,4,2,9,27,4.8,0.18
Fort Liard,Dehcho,Lower Liard - Mouth Catchment,10ED,Taiga Plains Liard Upland MB,1984,4,2,10,30,6.9,0.23
Fort Liard,Dehcho,Lower Liard - Mouth Catchment,10ED,Taiga Plains Liard Upland MB,1984,3,6,1,33,5.1,0.15
Fort Liard,Dehcho,Lower Liard - Mouth Catchment,10ED,Taiga Plains Liard Upland MB,1984,3,6,2,33,5.6,0.17
Fort Liard,Dehcho,Lower Liard - Mouth Catchment,10ED,Taiga Plains Liard Upland MB,1984,3,6,3,36,5.1,0.14
Fort Liard,Dehcho,Lower Liard - Mouth Catchment,10ED,Taiga Plains Liard Upland MB,1984,3,6,4,30,3.8,0.13
Fort Liard,Dehcho,Lower Liard - Mouth Catchment,10ED,Taiga Plains Liard Upland MB,1984,3,6,5,39,6.9,0.17
Fort Liard,Dehcho,Lower Liard - Mouth Catchment,10ED,Taiga Plains Liard Upland MB,1984,3,6,6,33,6.3,0.19
Fort Liard,Dehcho,Lower Liard - Mouth Catchment,10ED,Taiga Plains Liard Upland MB,1984,3,6,7,41,8.9,0.22
Fort Liard,Dehcho,Lower Liard - Mouth Catchment,10ED,Taiga Plains Liard Upland MB,1984,3,6,8,38,7.6,0.2
Fort Liard,Dehcho,Lower Liard - Mouth Catchment,10ED,Taiga Plains Liard Upland MB,1984,3,6,9,38,7.6,0.2
Fort Liard,Dehcho,Lower Liard - Mouth Catchment,10ED,Taiga Plains Liard Upland MB,1984,3,6,10,43,8.1,0.19
Fort Liard,Dehcho,Lower Liard - Mouth Catchment,10ED,Taiga Plains Liard Upland MB,1984,1,27,1,30,3.8,0.13
Fort Liard,Dehcho,Lower Liard - Mouth Catchment,10ED,Taiga Plains Liard Upland MB,1984,1,27,2,25,3,0.12
Fort Liard,Dehcho,Lower Liard - Mouth Catchment,10ED,Taiga Plains Liard Upland MB,1984,1,27,3,36,4.1,0.11
Fort Liard,Dehcho,Lower Liard - Mouth Catchment,10ED,Taiga Plains Liard Upland MB,1984,1,27,4,29,3.6,0.12
Fort Liard,Dehcho,Lower Liard - Mouth Catchment,10ED,Taiga Plains Liard Upland MB,1984,1,27,5,37,4.3,0.12
Fort Liard,Dehcho,Lower Liard - Mouth Catchment,10ED,Taiga Plains Liard Upland MB,1984,1,27,6,33,3.6,0.11
Fort Liard,Dehcho,Lower Liard - Mouth Catchment,10ED,Taiga Plains Liard Upland MB,1984,1,27,7,38,5.1,0.13
Fort Liard,Dehcho,Lower Liard - Mouth Catchment,10ED,Taiga Plains Liard Upland MB,1984,1,27,8,38,4.6,0.12
Fort Liard,Dehcho,Lower Liard - Mouth Catchment,10ED,Taiga Plains Liard Upland MB,1984,1,27,9,38,4.3,0.11
Fort Liard,Dehcho,Lower Liard - Mouth Catchment,10ED,Taiga Plains Liard Upland MB,1984,1,27,10,36,4.3,0.12
Fort Liard,Dehcho,Lower Liard - Mouth Catchment,10ED,Taiga Plains Liard Upland MB,1984,1,6,1,17,1.3,0.08
Fort Liard,Dehcho,Lower Liard - Mouth Catchment,10ED,Taiga Plains Liard Upland MB,1984,1,6,2,13,1,0.08
Fort Liard,Dehcho,Lower Liard - Mouth Catchment,10ED,Taiga Plains Liard Upland MB,1984,1,6,3,15,1.5,0.1
Fort Liard,Dehcho,Lower Liard - Mouth Catchment,10ED,Taiga Plains Liard Upland MB,1984,1,6,4,13,1.3,0.1
Fort Liard,Dehcho,Lower Liard - Mouth Catchment,10ED,Taiga Plains Liard Upland MB,1984,1,6,5,11,1,0.09
Fort Liard,Dehcho,Lower Liard - Mouth Catchment,10ED,Taiga Plains Liard Upland MB,1984,1,6,6,13,1.5,0.12
Fort Liard,Dehcho,Lower Liard - Mouth Catchment,10ED,Taiga Plains Liard Upland MB,1984,1,6,7,15,1,0.07
Fort Liard,Dehcho,Lower Liard - Mouth Catchment,10ED,Taiga Plains Liard Upland MB,1984,1,6,8,18,1.3,0.07
Fort Liard,Dehcho,Lower Liard - Mouth Catchment,10ED,Taiga Plains Liard Upland MB,1984,1,6,9,19,1.5,0.08
Fort Liard,Dehcho,Lower Liard - Mouth Catchment,10ED,Taiga Plains Liard Upland MB,1984,1,6,10,15,1.5,0.1
Fort Liard,Dehcho,Lower Liard - Mouth Catchment,10ED,Taiga Plains Liard Upland MB,1983,11,1,1,,,
Fort Liard,Dehcho,Lower Liard - Mouth Catchment,10ED,Taiga Plains Liard Upland MB,1983,11,1,2,,,
Fort Liard,Dehcho,Lower Liard - Mouth Catchment,10ED,Taiga Plains Liard Upland MB,1983,11,1,3,,,
Fort Liard,Dehcho,Lower Liard - Mouth Catchment,10ED,Taiga Plains Liard Upland MB,1983,11,1,4,,,
Fort Liard,Dehcho,Lower Liard - Mouth Catchment,10ED,Taiga Plains Liard Upland MB,1983,11,1,5,,,
Fort Liard,Dehcho,Lower Liard - Mouth Catchment,10ED,Taiga Plains Liard Upland MB,1983,11,1,6,,,
Fort Liard,Dehcho,Lower Liard - Mouth Catchment,10ED,Taiga Plains Liard Upland MB,1983,11,1,7,,,
Fort Liard,Dehcho,Lower Liard - Mouth Catchment,10ED,Taiga Plains Liard Upland MB,1983,11,1,8,,,
Fort Liard,Dehcho,Lower Liard - Mouth Catchment,10ED,Taiga Plains Liard Upland MB,1983,11,1,9,,,
Fort Liard,Dehcho,Lower Liard - Mouth Catchment,10ED,Taiga Plains Liard Upland MB,1983,11,1,10,,,
Fort Liard,Dehcho,Lower Liard - Mouth Catchment,10ED,Taiga Plains Liard Upland MB,1983,5,2,1,9,0.8,0.09
Fort Liard,Dehcho,Lower Liard - Mouth Catchment,10ED,Taiga Plains Liard Upland MB,1983,5,2,2,10,0.5,0.05
Fort Liard,Dehcho,Lower Liard - Mouth Catchment,10ED,Taiga Plains Liard Upland MB,1983,5,2,3,33,5.6,0.17
Fort Liard,Dehcho,Lower Liard - Mouth Catchment,10ED,Taiga Plains Liard Upland MB,1983,5,2,4,14,0.8,0.05
Fort Liard,Dehcho,Lower Liard - Mouth Catchment,10ED,Taiga Plains Liard Upland MB,1983,5,2,5,13,0.8,0.06
Fort Liard,Dehcho,Lower Liard - Mouth Catchment,10ED,Taiga Plains Liard Upland MB,1983,5,2,6,10,0.8,0.08
Fort Liard,Dehcho,Lower Liard - Mouth Catchment,10ED,Taiga Plains Liard Upland MB,1983,5,2,7,27,5.3,0.2
Fort Liard,Dehcho,Lower Liard - Mouth Catchment,10ED,Taiga Plains Liard Upland MB,1983,5,2,8,27,7.4,0.28
Fort Liard,Dehcho,Lower Liard - Mouth Catchment,10ED,Taiga Plains Liard Upland MB,1983,5,2,9,39,8.4,0.21
Fort Liard,Dehcho,Lower Liard - Mouth Catchment,10ED,Taiga Plains Liard Upland MB,1983,5,2,10,36,7.9,0.22
Fort Liard,Dehcho,Lower Liard - Mouth Catchment,10ED,Taiga Plains Liard Upland MB,1983,4,18,1,34,7.4,0.21
Fort Liard,Dehcho,Lower Liard - Mouth Catchment,10ED,Taiga Plains Liard Upland MB,1983,4,18,2,41,10.2,0.25
Fort Liard,Dehcho,Lower Liard - Mouth Catchment,10ED,Taiga Plains Liard Upland MB,1983,4,18,3,53,12.2,0.23
Fort Liard,Dehcho,Lower Liard - Mouth Catchment,10ED,Taiga Plains Liard Upland MB,1983,4,18,4,38,10.4,0.27
Fort Liard,Dehcho,Lower Liard - Mouth Catchment,10ED,Taiga Plains Liard Upland MB,1983,4,18,5,41,12.7,0.31
Fort Liard,Dehcho,Lower Liard - Mouth Catchment,10ED,Taiga Plains Liard Upland MB,1983,4,18,6,43,10.7,0.25
Fort Liard,Dehcho,Lower Liard - Mouth Catchment,10ED,Taiga Plains Liard Upland MB,1983,4,18,7,53,15.5,0.29
Fort Liard,Dehcho,Lower Liard - Mouth Catchment,10ED,Taiga Plains Liard Upland MB,1983,4,18,8,48,19,0.39
Fort Liard,Dehcho,Lower Liard - Mouth Catchment,10ED,Taiga Plains Liard Upland MB,1983,4,18,9,57,14.2,0.25
Fort Liard,Dehcho,Lower Liard - Mouth Catchment,10ED,Taiga Plains Liard Upland MB,1983,4,18,10,58,16.5,0.28
Fort Liard,Dehcho,Lower Liard - Mouth Catchment,10ED,Taiga Plains Liard Upland MB,1983,3,31,1,71,13.7,0.19
Fort Liard,Dehcho,Lower Liard - Mouth Catchment,10ED,Taiga Plains Liard Upland MB,1983,3,31,2,69,14.5,0.21
Fort Liard,Dehcho,Lower Liard - Mouth Catchment,10ED,Taiga Plains Liard Upland MB,1983,3,31,3,76,16,0.21
Fort Liard,Dehcho,Lower Liard - Mouth Catchment,10ED,Taiga Plains Liard Upland MB,1983,3,31,4,66,14.2,0.22
Fort Liard,Dehcho,Lower Liard - Mouth Catchment,10ED,Taiga Plains Liard Upland MB,1983,3,31,5,74,17,0.23
Fort Liard,Dehcho,Lower Liard - Mouth Catchment,10ED,Taiga Plains Liard Upland MB,1983,3,31,6,75,16,0.21
Fort Liard,Dehcho,Lower Liard - Mouth Catchment,10ED,Taiga Plains Liard Upland MB,1983,3,31,7,71,15.2,0.21
Fort Liard,Dehcho,Lower Liard - Mouth Catchment,10ED,Taiga Plains Liard Upland MB,1983,3,31,8,81,17.5,0.22
Fort Liard,Dehcho,Lower Liard - Mouth Catchment,10ED,Taiga Plains Liard Upland MB,1983,3,31,9,75,17,0.23
Fort Liard,Dehcho,Lower Liard - Mouth Catchment,10ED,Taiga Plains Liard Upland MB,1983,3,31,10,84,17.8,0.21
Fort Liard,Dehcho,Lower Liard - Mouth Catchment,10ED,Taiga Plains Liard Upland MB,1983,2,28,1,60,10.4,0.17
Fort Liard,Dehcho,Lower Liard - Mouth Catchment,10ED,Taiga Plains Liard Upland MB,1983,2,28,2,63,13.5,0.21
Fort Liard,Dehcho,Lower Liard - Mouth Catchment,10ED,Taiga Plains Liard Upland MB,1983,2,28,3,74,13.2,0.18
Fort Liard,Dehcho,Lower Liard - Mouth Catchment,10ED,Taiga Plains Liard Upland MB,1983,2,28,4,60,11.7,0.2
Fort Liard,Dehcho,Lower Liard - Mouth Catchment,10ED,Taiga Plains Liard Upland MB,1983,2,28,5,71,15.5,0.22
Fort Liard,Dehcho,Lower Liard - Mouth Catchment,10ED,Taiga Plains Liard Upland MB,1983,2,28,6,71,15.2,0.21
Fort Liard,Dehcho,Lower Liard - Mouth Catchment,10ED,Taiga Plains Liard Upland MB,1983,2,28,7,75,15.7,0.21
Fort Liard,Dehcho,Lower Liard - Mouth Catchment,10ED,Taiga Plains Liard Upland MB,1983,2,28,8,74,16.5,0.22
Fort Liard,Dehcho,Lower Liard - Mouth Catchment,10ED,Taiga Plains Liard Upland MB,1983,2,28,9,72,15,0.21
Fort Liard,Dehcho,Lower Liard - Mouth Catchment,10ED,Taiga Plains Liard Upland MB,1983,2,28,10,66,14.2,0.22
Fort Liard,Dehcho,Lower Liard - Mouth Catchment,10ED,Taiga Plains Liard Upland MB,1983,1,31,1,58,11.9,0.2
Fort Liard,Dehcho,Lower Liard - Mouth Catchment,10ED,Taiga Plains Liard Upland MB,1983,1,31,2,62,12.2,0.2
Fort Liard,Dehcho,Lower Liard - Mouth Catchment,10ED,Taiga Plains Liard Upland MB,1983,1,31,3,71,15.7,0.22
Fort Liard,Dehcho,Lower Liard - Mouth Catchment,10ED,Taiga Plains Liard Upland MB,1983,1,31,4,57,10.7,0.19
Fort Liard,Dehcho,Lower Liard - Mouth Catchment,10ED,Taiga Plains Liard Upland MB,1983,1,31,5,60,12.7,0.21
Fort Liard,Dehcho,Lower Liard - Mouth Catchment,10ED,Taiga Plains Liard Upland MB,1983,1,31,6,61,12.2,0.2
Fort Liard,Dehcho,Lower Liard - Mouth Catchment,10ED,Taiga Plains Liard Upland MB,1983,1,31,7,72,16.5,0.23
Fort Liard,Dehcho,Lower Liard - Mouth Catchment,10ED,Taiga Plains Liard Upland MB,1983,1,31,8,74,15,0.2
Fort Liard,Dehcho,Lower Liard - Mouth Catchment,10ED,Taiga Plains Liard Upland MB,1983,1,31,9,66,13.7,0.21
Fort Liard,Dehcho,Lower Liard - Mouth Catchment,10ED,Taiga Plains Liard Upland MB,1983,1,31,10,69,14.2,0.21
Fort Liard,Dehcho,Lower Liard - Mouth Catchment,10ED,Taiga Plains Liard Upland MB,1982,12,29,1,48,9.7,0.2
Fort Liard,Dehcho,Lower Liard - Mouth Catchment,10ED,Taiga Plains Liard Upland MB,1982,12,29,2,48,8.6,0.18
Fort Liard,Dehcho,Lower Liard - Mouth Catchment,10ED,Taiga Plains Liard Upland MB,1982,12,29,3,58,12.2,0.21
Fort Liard,Dehcho,Lower Liard - Mouth Catchment,10ED,Taiga Plains Liard Upland MB,1982,12,29,4,56,10.9,0.2
Fort Liard,Dehcho,Lower Liard - Mouth Catchment,10ED,Taiga Plains Liard Upland MB,1982,12,29,5,55,10.9,0.2
Fort Liard,Dehcho,Lower Liard - Mouth Catchment,10ED,Taiga Plains Liard Upland MB,1982,12,29,6,55,11.2,0.2
Fort Liard,Dehcho,Lower Liard - Mouth Catchment,10ED,Taiga Plains Liard Upland MB,1982,12,29,7,57,11.2,0.2
Fort Liard,Dehcho,Lower Liard - Mouth Catchment,10ED,Taiga Plains Liard Upland MB,1982,12,29,8,57,10.9,0.19
Fort Liard,Dehcho,Lower Liard - Mouth Catchment,10ED,Taiga Plains Liard Upland MB,1982,12,29,9,58,11.2,0.19
Fort Liard,Dehcho,Lower Liard - Mouth Catchment,10ED,Taiga Plains Liard Upland MB,1982,12,29,10,56,11.4,0.2
Fort Liard,Dehcho,Lower Liard - Mouth Catchment,10ED,Taiga Plains Liard Upland MB,1982,12,1,1,39,7.1,0.18
Fort Liard,Dehcho,Lower Liard - Mouth Catchment,10ED,Taiga Plains Liard Upland MB,1982,12,1,2,38,6.1,0.16
Fort Liard,Dehcho,Lower Liard - Mouth Catchment,10ED,Taiga Plains Liard Upland MB,1982,12,1,3,42,7.4,0.18
Fort Liard,Dehcho,Lower Liard - Mouth Catchment,10ED,Taiga Plains Liard Upland MB,1982,12,1,4,41,7.1,0.18
Fort Liard,Dehcho,Lower Liard - Mouth Catchment,10ED,Taiga Plains Liard Upland MB,1982,12,1,5,41,7.9,0.19
Fort Liard,Dehcho,Lower Liard - Mouth Catchment,10ED,Taiga Plains Liard Upland MB,1982,12,1,6,44,8.6,0.19
Fort Liard,Dehcho,Lower Liard - Mouth Catchment,10ED,Taiga Plains Liard Upland MB,1982,12,1,7,50,10.2,0.21
Fort Liard,Dehcho,Lower Liard - Mouth Catchment,10ED,Taiga Plains Liard Upland MB,1982,12,1,8,47,9.4,0.2
Fort Liard,Dehcho,Lower Liard - Mouth Catchment,10ED,Taiga Plains Liard Upland MB,1982,12,1,9,43,8.6,0.2
Fort Liard,Dehcho,Lower Liard - Mouth Catchment,10ED,Taiga Plains Liard Upland MB,1982,12,1,10,42,8.4,0.2
Fort Liard,Dehcho,Lower Liard - Mouth Catchment,10ED,Taiga Plains Liard Upland MB,1982,11,3,1,30,5.3,0.18
Fort Liard,Dehcho,Lower Liard - Mouth Catchment,10ED,Taiga Plains Liard Upland MB,1982,11,3,2,32,5.6,0.18
Fort Liard,Dehcho,Lower Liard - Mouth Catchment,10ED,Taiga Plains Liard Upland MB,1982,11,3,3,33,6.1,0.18
Fort Liard,Dehcho,Lower Liard - Mouth Catchment,10ED,Taiga Plains Liard Upland MB,1982,11,3,4,32,6.1,0.19
Fort Liard,Dehcho,Lower Liard - Mouth Catchment,10ED,Taiga Plains Liard Upland MB,1982,11,3,5,32,5.8,0.18
Fort Liard,Dehcho,Lower Liard - Mouth Catchment,10ED,Taiga Plains Liard Upland MB,1982,11,3,6,33,5.6,0.17
Fort Liard,Dehcho,Lower Liard - Mouth Catchment,10ED,Taiga Plains Liard Upland MB,1982,11,3,7,37,6.6,0.18
Fort Liard,Dehcho,Lower Liard - Mouth Catchment,10ED,Taiga Plains Liard Upland MB,1982,11,3,8,33,6.3,0.19
Fort Liard,Dehcho,Lower Liard - Mouth Catchment,10ED,Taiga Plains Liard Upland MB,1982,11,3,9,39,7.6,0.19
Fort Liard,Dehcho,Lower Liard - Mouth Catchment,10ED,Taiga Plains Liard Upland MB,1982,11,3,10,34,6.9,0.2
