SNOW_COURSE,Date,Depth,SWE,Code ,Density
Hyland River,2/1/1977,68,115,,0.17
Hyland River,2/1/1978,40,76,,0.19
Hyland River,2/1/1979,79,154,,0.19
Hyland River,1/31/1980,62,117,,0.19
Hyland River,2/1/1981,63,120,,0.19
Hyland River,2/3/1982,50,84,,0.17
Hyland River,2/2/1983,68,105,,0.15
Hyland River,2/3/1984,61,89,,0.15
Hyland River,1/29/1985,64,107,,0.17
Hyland River,2/2/1987,52,89,,0.17
Hyland River,3/1/1976,84,175,,0.21
Hyland River,3/2/1977,72,178,,0.25
Hyland River,3/1/1978,46,78,,0.17
Hyland River,2/28/1979,86,182,,0.21
Hyland River,2/29/1980,65,137,,0.21
Hyland River,3/4/1981,95,177,,0.19
Hyland River,3/2/1982,53,95,E,0.18
Hyland River,3/1/1983,76,135,E,0.18
Hyland River,2/28/1984,66,125,,0.19
Hyland River,2/28/1985,97,176,,0.18
Hyland River,2/28/1986,67,120,E,0.18
Hyland River,3/2/1987,56,109,,0.19
Hyland River,3/1/1988,67,138,,0.21
Hyland River,2/28/1989,87,157,,0.18
Hyland River,2/27/1990,112,182,,0.16
Hyland River,2/28/1991,90,197,,0.22
Hyland River,3/2/1992,97,240,,0.25
Hyland River,2/25/1993,68,127,,0.19
Hyland River,3/2/1994,91,182,,0.2
Hyland River,2/24/1995,73,126,,0.17
Hyland River,2/27/1996,72,152,,0.21
Hyland River,2/25/1997,45,89,,0.2
Hyland River,2/26/1998,64,128,,0.2
Hyland River,3/1/1999,56,95,,0.17
Hyland River,2/28/2000,55,98,,0.18
Hyland River,2/27/2001,61,118,,0.19
Hyland River,2/27/2002,76,159,,0.21
Hyland River,2/25/2003,57,105,,0.18
Hyland River,3/1/2004,80,193,,0.24
Hyland River,2/23/2005,98,218,,0.22
Hyland River,2/27/2006,63,138,,0.22
Hyland River,2/26/2007,81,174,,0.21
Hyland River,2/29/2008,88,172,,0.2
Hyland River,2/26/2009,102,216,,0.21
Hyland River,3/1/2010,66,121,,0.18
Hyland River,3/1/2011,78,181,,0.23
Hyland River,2/28/2012,97,269,,0.28
Hyland River,2/28/2013,76,178,,0.23
Hyland River,2/27/2014,88,220,,0.25
Hyland River,2/25/2015,69,154,,0.22
Hyland River,2/25/2016,66,125,,0.19
Hyland River,3/1/2017,63,129,,0.2
Hyland River,3/1/2018,75,131,,0.17
Hyland River,4/5/1976,94,224,,0.24
Hyland River,4/1/1977,73,178,,0.24
Hyland River,3/31/1978,48,86,,0.18
Hyland River,3/30/1979,102,219,,0.21
Hyland River,4/2/1980,64,135,,0.21
Hyland River,4/2/1981,82,181,E,0.22
Hyland River,4/2/1982,54,114,,0.21
Hyland River,3/31/1983,74,155,,0.21
Hyland River,3/30/1984,62,140,,0.23
Hyland River,4/1/1985,90,190,,0.21
Hyland River,4/1/1986,89,174,,0.2
Hyland River,3/31/1987,61,122,E,0.2
Hyland River,4/6/1988,77,169,E,0.22
Hyland River,3/31/1989,92,171,,0.19
Hyland River,3/29/1990,91,180,,0.2
Hyland River,3/28/1991,91,198,,0.22
Hyland River,3/30/1992,98,263,,0.27
Hyland River,4/1/1994,78,198,,0.25
Hyland River,3/27/1995,77,158,,0.21
Hyland River,3/27/1996,81,176,,0.22
Hyland River,3/26/1997,54,103,,0.19
Hyland River,3/30/1998,67,140,,0.21
Hyland River,3/31/1999,50,108,,0.22
Hyland River,4/1/2000,58,111,,0.19
Hyland River,3/28/2001,66,119,,0.18
Hyland River,3/28/2002,81,193,,0.24
Hyland River,3/26/2003,60,125,,0.21
Hyland River,3/31/2004,91,244,,0.27
Hyland River,3/31/2005,93,261,,0.28
Hyland River,3/28/2006,66,146,,0.22
Hyland River,3/28/2007,93,221,,0.24
Hyland River,3/26/2008,87,203,,0.23
Hyland River,3/30/2009,106,275,,0.26
Hyland River,3/30/2010,72,194,,0.27
Hyland River,3/28/2011,74,207,,0.28
Hyland River,3/28/2012,97,303,,0.31
Hyland River,3/26/2013,93,224,,0.24
Hyland River,3/26/2014,94,245,,0.26
Hyland River,3/26/2015,73,157,,0.22
Hyland River,3/30/2016,59,137,,0.23
Hyland River,3/29/2017,69,160,,0.23
Hyland River,3/28/2018,73,121,,0.17
Hyland River,5/3/1976,51,160,,0.31
Hyland River,5/2/1977,36,71,,0.2
Hyland River,4/28/1978,15,62,,0.41
Hyland River,5/2/1979,52,165,E,0.32
Hyland River,5/1/1980,4,9,,0.22
Hyland River,5/4/1981,45,161,,0.36
Hyland River,5/3/1982,26,52,,0.2
Hyland River,5/2/1983,24,43,,0.18
Hyland River,4/27/1984,37,107,,0.29
Hyland River,4/30/1985,79,220,,0.28
Hyland River,5/1/1986,66,170,,0.26
Hyland River,5/4/1987,20,38,,0.19
Hyland River,5/2/1988,17,49,,0.29
Hyland River,4/28/1989,41,81,,0.2
Hyland River,5/1/1990,39,110,E,0.28
Hyland River,4/29/1991,35,127,,0.36
Hyland River,5/1/1992,61,226,,0.37
Hyland River,4/28/1993,25,54,,0.22
Hyland River,4/28/1994,42,149,,0.35
Hyland River,4/29/1995,18,61,,0.34
Hyland River,4/26/1996,42,88,,0.21
Hyland River,4/30/1997,16,52,,0.32
Hyland River,4/29/1998,0,0,,0
Hyland River,4/30/1999,21,50,,0.24
Hyland River,4/27/2000,31,78,,0.25
Hyland River,4/25/2001,35,91,,0.26
Hyland River,4/29/2002,56,116,,0.21
Hyland River,5/1/2003,0,0,,0
Hyland River,4/27/2004,45,162,,0.36
Hyland River,4/27/2005,45,152,,0.34
Hyland River,4/27/2006,31,116,,0.37
Hyland River,4/24/2007,38.4,141,B,0.37
Hyland River,4/25/2008,68,205,,0.3
Hyland River,4/29/2009,66,245,,0.37
Hyland River,4/27/2010,7,22,,0.31
Hyland River,4/27/2011,48,160,,0.33
Hyland River,4/26/2012,55,238,,0.43
Hyland River,5/1/2013,96,260,,0.27
Hyland River,4/29/2014,59,231,,0.39
Hyland River,4/27/2015,31,114,,0.37
Hyland River,4/27/2016,0,0,,0
Hyland River,4/26/2017,45,134,,0.3
Hyland River,4/26/2018,49,154,,0.31
Hyland River,5/14/1976,20,61,,0.3
Hyland River,5/13/1977,0,0,,0
Hyland River,5/15/1978,0,0,,0
Hyland River,5/14/1979,32,99,,0.31
Hyland River,5/15/1980,0,0,,0
Hyland River,5/15/1981,0,0,,0
Hyland River,5/14/1982,0,0,,0
Hyland River,5/15/1983,0,0,,0
Hyland River,5/15/1984,0,0,,0
Hyland River,5/15/1985,46,150,E,0.33
Hyland River,5/16/1986,22,68,E,0.31
Hyland River,5/15/1987,0,0,,0
Hyland River,5/13/1988,0,0,,0
Hyland River,5/15/1989,0,0,,0
Hyland River,5/11/1990,3,10,,0.33
Hyland River,5/15/1991,0,0,,0
Hyland River,5/15/1992,29,111,,0.38
Hyland River,5/15/1993,0,0,,0
Hyland River,5/12/1994,0,0,,0
Hyland River,5/14/1999,0,0,,0
